﻿<?xml version="1.0" encoding="utf-8"?><bwFonts xmlns:xsi="http://www.w3.org/2001/XMLSchema-instance" xmlns:xsd="http://www.w3.org/2001/XMLSchema"><font id="00" name="Microsoft Sans SerifBold Charset204"><glyphs><g i="0" p="%^iQ$vLM$vLMGlZBGlZB$vsy$vsys9ZBs9ZBsiLMsiLMs9iQs9" /><g i="1" p="#^7FmwvBmwhz4u3xOr3xMn3xLjczshmB9fPE9flI9fsKqhAMHjAMMn%AMKo%DAKoOA2r2CisiDyt7FytwGytBHSsHIasLIEq%hMEqXLztXJZuYHmw7Fmw^_IVlFI3kxH0jqGYhPEYhfDYh7C0j$A3kHAVl" /><g i="2" p="#^PE9flI9fsKqhAMHjAMMnAMQrsK5ulImwPEmwiBmwaz5u3xPr3xMn3xGjazqhiB9fPE9f^PEytHGytSH6s1JGq1JMn1JQkSHojHGYhPEYhYCYhMBojBAQkBAMnBAGqMB6sXCytPEyt" /><g i="3" p="#^mAsiAA9h3ClgzDwf9FwfDIwfMKMhWM$jWMXnWMSrNK6uEImw9FmwpxmwpxNlpxwfwzucDBs9VGs9DIs9YIj9iJa9iJt8%KMt8KMqahMcbRLZbDKmcqJLcJGLcHCLcwBIemAEgmAsi^9FytZGytaI9snJLqnJXnnJ8laIKjZGki9FkilDki8CKjXA7lXAXnXALq8C9slDyt9Fyt" /><g i="4" p="%^KL$vKH$vZDOpbA$vcw$v3CrnGwwfFAwfZD3lgHwfgLwfSFqn" /><g i="5" p="%^RLbt8Obt8OfAIKfAIK$vrz$vrzfA$vfA$vbtyxbt#aAtpaAAgaAwfRLwf^oIkiBDki#hDPpbBbtoIbt" /><g i="6" p="%^4y$v4ywfxBwfxBAr8IwfGLwfGL$vdI$vdIWjCB$v" /><g i="7" p="%^4y$v4ywfICwfeHSrNLwfpQwfpQ$vZM$vZMzjJI$vMF$vxBzjxB$v" /><g i="8" p="%^ywkiywwf5Kwf5Kki2Fki2F$vCB$vCBki" /><g i="9" p="#^PF$v%4y$v%4ywf%PEwf$Kwf$K0k$KJmXIonIL3oILfrILpt5KIuvI$vPF$v^xBki%xBam%yEamdGamTGKlyHhlyHfkyHgjRGOi9GkilEki^xBZo%xBbt%VEbt9Ibt9I5r9IZoGEZo" /><g i="10" p="#^xBIl%MEIl_HIlQJ5nGLtoGLRqGLetQJDu$H$vME$v%4y$v%4ywf%xBwf^xBbt%EEbt7Ibt7IRq7IwoEEwo%xBwo" /><g i="11" p="%^4y$v4ywfxBwfxB5m7I5m7IwfzLwfzL$v7I$v7IWoxBWoxB$v" /><g i="12" p="#^7Iqr%7Iio%wGioHAioHAkrHApstB_sgCytIDyt0FyteGYstHms7Iqr^7ImupGmwUCmwoAmwMy0v9xFt9xur9xCl3HCl%7ICl7IgkYHzjOHSi3HpilGYhEEYh9BYh2BFk%DxFkYx9fNE9fXH9fLJrgzLJhzLql%zL$v%7I$v" /><g i="13" p="%^4y$v4ywfzLwfzL$v7I$v7IkixBkixB$v" /><g i="14" p="#^xBphXC9fLF9f0J9fOKthAMMjAMDnAMErAK$tBImwyFmwRCmwxBMu%xB5C%4y5C%4ywf%xBwf^xBPr9DytnFyt1Hyt1I5s1JDq1JDn1JOk4Inj8HYhuFYhjDYhxBtk" /><g i="15" p="#^PEmwiBmwaz5u3xPr3xMn3xGjazqhiB9fPE9fxH9fmJygcLWhxLTk%0ITkYHjj1HEi7GYhPEYhYCYhMBojBAQkBAMnBAGqMB6sXCytPEyt7Gyt1HTsYHbs0IEq%xLEqcLBtmJ_uxHmwPEmw" /><g i="16" p="%^PL$vZH$v$CfoxB_pxB$v4y$v4ywfxBwfxBhmbHwfcLwfbF6m" /><g i="17" p="#^4y$v%4ywf%xBwf%xBAr%8Iwf%GLwf%GL$v%dI$v%dIWj%CB$v^BJf9pJzb6IFcPGLdRELdSCLdzBFchAyb7Af9%xCf9UCibREibMGibbHf9" /><g i="18" p="#^tPjptPysgNhu4L$vZG$v%sy$v%sys9%zGs99Ks9gM1boOBcoOlfoOIidLYjeNjklOSltPontPjp^ZBEi%xGEiSIEiTJYhVKfhVKCfVK8eVJpdVIFcgGFc%ZBFc^ZBNs%XGNsRLNsRLjpRLwnKKHmDJRlzGRl%ZBRl" /><g i="19" p="#^vDwf%8Lwf%8L$v%HH$v%HHOp%uFOprEOpKDmq1DWqlCls%yA$v%Nw$v%2zrr4AspJBcpuxxouxrkux9i5zRgIAwfvDwf^HH_m%HHki%XDki1Bki1Byk1B_mIE_m" /><g i="20" p="#^izwf%1Mwf%1M$v%BI$v%BIki%LCki%LCiqLCQtAB_uqA8wmy8w9x8w8wXv%8w6tixkt1yktLykt0zOsizfsizmq" /><g i="21" p="%^fS$vqO$vTIfpTI$vrF$vrFfpTz$v2w$vLDknCwwfsAwfrFulrFwfTIwfTIulRNwfIRwfzKkn" /></glyphs></font><font id="10" name="ArticulateBold Charset1"><glyphs><g i="0" p="" /><g i="1" p="%^9y$v9yDrxCDrxC$v" /><g i="2" p="%^9y$v9yDrxCDrxC$v^9yhk9yVfxCVfxChk" /></glyphs></font><font id="20" name="Microsoft Sans Serif Charset204"><glyphs><g i="0" p="#^bIe9UMe9TPqcSSBfSSPkSS1qTPctUMnwbInwtDnwsActsx0qsxPksxBfsAqctDe9bIe9^9IRtwLRtFNtrOP4pOPPkOPxgFN9exLNbdINbRENbHC9exAxgxAPkxA3pGCsrQERt9IRt" /><g i="1" p="%^NQ$vTM$vXERksBeosB$vvy$vvyD9sBD9sBJkmMD9mQD9$GPi" /><g i="2" p="%^3Q$v4N$v4NhcsBhcsB$vvy$vvyD93QD9" /><g i="3" p="#^$AKhWCrfDFrfOIrfxKHhhMXjhMMnhMLrkK3unInwqFnwOCnw$AKu%$AdC%6ydC%6yOf%$AOf^$A8sRC6ueF6u5H6ubIwsiJWqiJMniJNkfIejdHGhmFGhZCGh$Ask" /><g i="4" p="#^GErf8IrfcKFhhMSjhMVnhMXrcK9u8InwGEnwdBnw9z9u5xXr5xVn5xSj9zFhdBrfGErf^GE6uJG6u$HysiJ_qiJVniJPk$HfjJGGhGEGhCCGhkBfj2APk2AVn2A_qkBysCC6uGE6u" /><g i="5" p="#^GEnwdBnw9z9u5xXr5xVn5xSj9zFhdBrfGErfkHrf6JNgUK7icLFk%fIFkbIcj9Hri7GGhGEGhCCGhkBfj2APk2AVn2A_qkBysCC6uGE6u7G6u9HmtbIBsfI9r%cL9rUKHt6J1vkHnwGEnw" /><g i="6" p="%^6y$v6yOfjCOf8Hos$LOfbQOfbQ$vjN$vjNjjqI$vSF$v$Ajj$A$v" /><g i="7" p="%^zw3izwOfKJOfKJ3iAE3iAE$vJB$vJB3i" /><g i="8" p="#^$EnwqBnwfz8u5xVr5xVn5xXjbzHhhBrfGErf8IrfcKFhhMSjhMVn%hMBo%4ABogAprDBMs$C6u$E6uvG6uJHltXIAs$I9r%ZL9rDLFtHJ0vMHnw$Enw^eJkmUI$jFHRirGGhGEGhYCGhJBQiuA_j8Akm" /><g i="9" p="#^$A7m%CE7mOH7mzJsnlLNolL2rlLltzJGuOH$vCE$v%6y$v%6yOf%$AOf^$ALt%uELtnILtnI2rnImouEmo%$Amo" /><g i="10" p="" /><g i="11" p="%^6y$v6yOfeLOfeL$vnI$vnI3i$A3i$A$v" /><g i="12" p="#^HF$v%6y$v%6yOf%GEOfFKOfFK5kFKEmyIAnnLronLsrnLwtRJMukI$vHF$v^$A3i%$ABm%pEBmcGBm_G4mMHylMHkkMH9jYGCi8G3ibE3i^$AQo%$ALt%MELtoILtoIjroIQowEQo" /><g i="13" p="%^6y$v6yOf$AOf$A6sfIOflLOflL$vsI$vsIGjcB$v" /><g i="14" p="#^nIKr%nI9o%pG9o8A9o8Ayr8ANs2BstZB6uxD6uYE6uhGttCHQsnIKr^nIkuaGnwICnwiAnwKy4vbxMtbxIrbx1mZG1m%nI1mnIhkbIvj$HJi9HcikGGhuEGhEAGhxAqk%FxqkZxrfEErfLHrfuJGgeLVheLxl%eL$v%nI$v" /><g i="15" p="#^mzOf%ILOf%IL$v%RI$v%RI3i%fC3i%fCvqfCZt8B3v2A8w4y8wVw8w8w$v%8wGtZwVtLxVtHyVt0zetmzzsmzzq" /><g i="16" p="%^6y$v6yOf$AOf$AwmnIwmnIOfeLOfeL$vnI$vnINo$ANo$A$v" /><g i="17" p="%^3Q$v4N$v4NtlsBtlsB$vvy$vvyD9sBD9sBPi4NPi4ND93QD9" /></glyphs></font><font id="30" name="Consolas Charset204"><glyphs><g i="0" p="#^vL1qvLsrXKzsnKGtlJrukIcvSGCvpF$vDD$v%py$v%py2c%6E2cNK2cNKVgNKwi$JHjeJRkvHpljIzl1JWlLJhmiKTmSKsnaLfovL1pvL1q^YHghYHFgMH7gBHAf7HbfGGOeUFAe6FleWDle%7Ble%7BAk%QDAkMEAkwFokhGbkPGNjmHmjFHLiYH7iYHgh^CI7qCImphILoZH8omHJnLGinTF4n$ERmUDRm%7BRm%7BIt%_DItkGIttHRsCIZrCI7q" /><g i="1" p="%^LK$v5I$v5Idp5Bdp5B$vry$vryGg5BGg5BUm5IUm5IGgLKGg" /><g i="2" p="%^iBGgiBsr_HGgwKGgwK$vSH$vSHclbB$vEy$vEyGg" /><g i="3" p="%^qM$vOJ$vpJqmeJ0jlIpltFmsxDmsMAGlPz0jHzDmgz$vKw$vJxGgeBGgSDhnAEfpiFhn_HGgtLGg" /><g i="4" p="#^hI$v%dIXtZGavGFJvoEgwZCgwFBgwJAXvOzBvbz0vByquiyDt0yQs0yVr0yBpKziosB_mPE_m%_H_m%_HEl_Hhk6HtjfGFitEFi9DFiUBYiEAejizMj%iznhPzbhqA0h2BRgKBIgqCzg9DugVDogGEog3GogaHIgiI0h3JEhQJgieKdjFK9kFKrl%FK$v^_H0p%CE0pDD0pVCdpbCqpJBNpgB8q2BFqQAarQAPrQAfsZAFs6B3tpBntJBHtcCTtHC2uoD2ujE2uuFvtGGXs_HKr" /><g i="5" p="%^KLZiWFZiWF$veD$veDZiqxZiqxGgKLGg" /><g i="6" p="#^nLxnnL5omLtolLRojLbp%zAbpzAxrSBOsaD2uFF2ukG2u$G$tGHYtiIStWIMtuJFt3KxtyKot%yKAvtJUv5I4wJGgwgFgwiDgwTBKvtAcvyzbuEyatcyIrNxdqNxmoNxLmeyjlIySjBzMivAGhOB1h5DogKEoglGogAHVgPIphFJkivKfjXKAknLUlnLxn^CI8nFI7mpIhlaIqkFHPj8HcjnGSiDFwiCEwiLDwi1DSijCbjNBOjgBpkXAglDA7mzA8n" /><g i="7" p="%^CK$vYH$vYHZiHDZi#vD6m8Dmo#NCBqhC5s#NBBt8Btu#vAkvLzJv#0z5wby4w#mx4wvwTvDwGt#exKtMxCt#iyutLy1t#dzzsAzHr#YzOqfAlp#zATnNALl#0BDj9BGgCKGg" /><g i="8" p="#^LIdrLIAqwI5qhICpLHhpeHYopGOoBFDorEDoIDDoQCEoYBFobBHo%bBOtYBTtGCWtpDYthEYtzFYtpGOtgHDtNHitjIZsxIssLIXrLIdr^bBsmzBrmXBrmkCqmJCqm7DpmzDpm$DomwEom3IomNJCnvLQovL9rvLFtGJWuSHawbEawwCawaB5wQz1wxyTv%xyGg%bBGg" /><g i="9" p="#^MLcoML$pgLurMKZsPJ1uTI5vwHHv9GgwrEgwNCgwtBMvaAfvgzgumygtTxOroxkqoxqooxEmUxalpyHjlzEiiAAhFB_g0DogKEogoGogHHVg$IqhVJpiPKojhLSkMLjmMLco^2Jko2JVmKISlqIOkRH5kgHnjrG0jCFFiAEFioDFiyC7jIBBj9BnkCA8lmAam6Abn6Ako6ALpqAQqKAUrjBCsUBjtJCGtyD1uAE1uMF1uCGzttH5t$HjsyIxrOIwq2Jup2Jko" /><g i="10" p="%^LK$v5I$v5I_i5B_i5B$vry$vryGgLKGg" /><g i="11" p="#^xL3oxL6qYKErnK9tnJaunIav$GGvDFaw0EawhDawzC5wRB0w5BRv%5BfC%ryfC%ryGg%OAGg%ZAej6CGhpD1hIEogdGogxHogwIYgwJvhbKviSKvjbLVkxLjmxL3o^PIboPIZmDIZlsIYk4IfkIHxj5H7jvGJiHFJiaFJiFETi8E1jADpj1DNjpCpkOB0l5BXl%5BntQBGtDCStrD1udE1unG1uBHzsPI5rPIbo" /><g i="12" p="%^5I3qXE3q#nB3qIzKo#2ypn2yTk2yGgKAGgKAwk#KArlZA3m#dBHmMB4n#jCtn9DEn#$DOncFOn5IOn5IGgLKGgLK$v5I$v" /><g i="13" p="#^iBGg%iBsr%_HGg%wKGg%wK$v%SH$v%SHcl%bB$v%Ey$v%EyGg^gJMagJGbWIncAI4dYHAdlH3etGkeCFAeyEAekDAesCkeBB3e1BAduA4ddAncYzGbYzMa%nCManCcbtCBbACZbQCgc5DzcwDKcXDVcAEVceFVcGFKc6GzcmGgcDGZbKGBbRGcbRGMa" /><g i="14" p="#^kKqviJQvcI0w6HcwYFcwkCcwmAeupygspyuopyGmZyblxzIjyAFiABCh$C1hqEsg7GsgjHsglIDgoJOgkKah%kKIjlJbjjIYihHJibGJi9FJifE6jlDvjFCekZBYkAB0mbB3nbBoobBarxCzsTDXthGXtmHXtnIHtoJrtkKYs" /><g i="15" p="%^OHZixDZi#nDAl7Drn#UChpzCxq#eCNrOBxs#nBhtSAItOHIt^FMItuMVz3KVz3K$vUy$vUyVzvwVzlwItzwIt#8xItFxxt#ayltCyQs#3zjsrzpr#Pzvq6A3p#pACnDAzl#RAvj$AGgsKGgsKIt" /><g i="16" p="#^3MGg%RGnu1GtwaFZxjEuzhDsAgCqB2BTBQzlCjylCWxlCBxkChxjCUwhC%UwTzexVzDxXz0y_zty_zcz_zQzMztAzz1B4zBBBy6CQxDC4x7D$v%$wGg%0AGg%UDOq%GEbt%zFLq%8JGg" /><g i="17" p="#^yC8nECml_C5kkDPiZD$hCEahxFNgtGogJHog5Jog1KSgZKkhxLii5MfjkMKkAMdmAMeoAMmsmLju8KgwpHgwYFgw0FNv5EivyDmu$CqtNC6szCNqyC4p%Nz4p%Nz$v%hx$v%hxGg%NzGg%Nz8n^3Kko3K9lwJPjZIsizHsiXGsitGLi$F1jHFJjnFpkdFyl3FGm3Fko3F8qdFhrnFqsHF4t0GKtuGZtYGcuzHcudIcuHIWt9JDtsJXsMJfsVJ7r3K$p3Kko" /><g i="18" p="%^9x$v9xGgBzGgBzPt9DPt9DGgBFGgBFPt8JPt8JGgBLGgBLPtVMPtLMVzoKVzoK$v" /><g i="19" p="#^BLwrBLAs8LstIKjuMJXuRIyvpHUv_Few0EewJCewfB7wOz1wryTv%ryLgTzAglBugPCogwEogDHogeJphRKqiRKkkRKDl5KzmlJvnQHXnzI3oeJloWJDorK4pZKwphL8qBLLqBLwr^7ITk7IkkVHVjIHujeHbjMGTi$FJifFyibEyidDyivCBiOBDi5BJi%5B8n%aE8n7I8n7ITk^NIArNIoqIHOpDGbpmEbp%5Bbp%5BTtRB$tzC2uiD4ufE4uCF4uuGVtmHJtSHotnI2tAIBsNI7sNIAr" /><g i="20" p="%^4wGgIyGgmD3omDGgOFGgOF3osKGg4NGg9I3ocN$vjK$vOFcoOF$vmD$vmDcoSy$vZv$v1B3o" /><g i="21" p="#^ozzrVzvqvAYp6Bpp0Cdp3B1prADoPzcorzGn3z7nVywmMyVlMyjlMyik5zqjrzxibAThXAdh8CRgmDsgDFsgUGsg7IygmJDgyKLg%yK$v%UH$v%UH3q%BF3q3F3qvE9qXDfquDwq1DNqFCdrhCEr_Bis%jA$v%ix$v^uBhluBBmnCfngDVn1FVn%UHVn%UHNieHJiDGHi0GFilFFi1EFilDQiFC$ifCkjSBFjGB8kuBCkuBhl" /><g i="22" p="#^0yftHyqtszztdAItZAPtJBWtpC_t6D1uFD1uYE1uPFStGGHtbHntIH3tVHCs7I9s7IBr7I2rWHBqKH8qeHPpLGupUFip2F6pJD6p%Yz6p%Yz2n%ID2nSE2nBFVmlGLmMGtmbHamlHMlvHllvHPkvHhkiHUj6HujGGcjeGWivFMiMECiHDCivCCi4BNiFzYieygj%ey0hSyUgAzMgjAEg3BzgPBugyCrghDogYDogMFogZGIgaI$gVIxhEJ3iXJOifKxjfKokfK1l3KClTJbmuJEm6J5nwIqnXHKn6HTnXH$nEIholJzoRJ1pmKupFK8qZKNqZKBrZKCsAKttbKkuiJYupIzvYGWvwFgwpDgwRCgw9CdwuBbwLA6w1A2wkzYvDySv0yJv" /><g i="23" p="%^nCZinC$vHz$vHzGgNKGgNKZi" /><g i="24" p="#^iJ$v%iJGg%WLGg%WL$v^TEirTE5q6ErpmDMoJBMogBMoPANomAOoTzQo%TzStmAXtOAZteB_tHB_tCC_tdDMtQDxtbEatyEOsIEjsTEQrTEir^TzBmqAAmUAAmnBzmUBzmkDzmpEVmuFfncGTnWGuogHlpDHcqDHdrDHrscHmtOGhu1GVugFxv9ESv3DawxBawzAawtz6wny3wfxVv%fxGg%TzGg" /><g i="25" p="%^mxGgPzGgPzPtmDPtmDGgOFGgOFPtmJPtmJGgOLGgOL$vmx$v" /><g i="26" p="#^4JFo4JknNIlmuIml_HIkvH2kSGKjdGpjwFpjOEpjbECjBDPj0DdkrCDkRBflgBTlCANm%CA3nCA8pWAuqfBPrOBBsmCnt6DHtSD$tME$tQF$tEGytsH5t_HmsxICrOIFq4JHp4JFo^rA8kvBDiPCUh7E9hMF9h4H9hbIEhiJ7i5K4jVK0klLplOLNmOLzoOLeqgLFrLK4tOJ6uRI7vwHIvcGgwCEgwYCgwHBIvrA7vBzXtLyLskyYqVx8pVxFmVxCjqythXykfWzWdWAvcnCJbQDXaJFAagGuaSGqatHla3IhaFIcacJ8aLJ4abK_9%bKrcTJvcuJyc5JBcFIEceIHcMHKciHNcTGRc5F4dXDBdOC6e5C$eoBUf0BahFArirA8k" /><g i="27" p="%^dM$vzI$vqBNnqB$vMy$vMyGgqBGgqBGnjIGgPLGgDEKn" /><g i="28" p="%^oK$v3z$v3z2coK2coKleNBleNBwk3Kwk3KPmNBPmNBGtoKGt" /><g i="29" p="%^sMItiMVzUJVzUJ$vjy$vjyGgZAGgZAItYHItYHGgCKGgCKIt" /><g i="30" p="#^kMUlkMAoHLxq3Lus_JMtWI1vtHFv1GgwrEgwwCgw4BAvFzTuJyztNxfsjxnqSwuoSw7mSwtjuxwh6yzfbziegA0dIBpc8DNbKENbFGNb4IucwJadsKuepLNfSLGhkMyjkMUl^wJ5mwJkkfJTi_IqhnIngNHjfRGKeVF9eAE9eiD9enCMesBnfSAsggAwhZzXiHzmkHzZlHzKnYzcpeAFqPAIrpBKskCktgDVtAEVtSFVtNGitJHGskICrXIyqdJ7pwJInwJ5m" /><g i="31" p="%^vL$vNI$vNIRmpARmpA$vHx$vHx2cpA2cpAukNIukNI2cvL2c" /><g i="32" p="%^ZL$vyI$v5Bdm5B$vny$vny2c5B2c5BjloI2cDL2cLDxl" /><g i="33" p="#^NIdnYHvnPGJnHFXnpEXnxCXndBsnWzYm5z3mhy9lVxVjxxFixx6h%xx2c%gA2c%gAVggA4iuAZiJARjdBrkKB1lxCllkDEluEElIFElQGslZHglNIYk%NI2c%vL2c%vL$v%NI$v" /><g i="34" p="#^aLfvNIew9GewWBewFzJtoxbroxemoxRj0yVhEyZfOzDeZAgdCCycgEPbjGPbIHPbUI2c4KhcaLMc%aLrf5KReWIxeMHdepGde$EdeSDLeJCgfWBgg8BghIAJihA9khA$lhATpRBRrqDPtsGPtKHPtVIwt5KdtaLHs" /><g i="35" p="%^SLneYFneYF$vcD$vcDneixneix2cSL2c" /><g i="36" p="%^fM$vJI$vAE8qvA$v3x$v$CiokxGgKAGgMEzmJIGg$LGgfGmo" /><g i="37" p="#^NK$v%3I$v%3Ipe%FDpewDiidDblWC3osC4q$B5srBgtTAquhA$uIzAv5zPvuy2wJx2w5x2wpwVv%xwAtmxHt_x8tDyBs5zvrzzpqUzQodAenrAglGAhjQAYg$ADe7B2c%NK2c" /><g i="38" p="#^nLxnnL5omLtolLRojLbp%zAbpzAxrSBOsaD2uFF2ukG2u$G$tGHYtiIStWIMtuJFt3KxtyKot%yKAvtJUv5I4wJGgwgFgwiDgwTBKvtAcvyzbuEyatcyIrNxdqNxmoNxLmeyjlIySjBzMivAGhOB1h5DogKEoglGogAHVgPIphFJkivKfjXKAknLUlnLxn^CI8nFI7mpIhlaIqkFHPj8HcjnGSiDFwiCEwiLDwi1DSijCbjNBOjgBpkXAglDA7mzA8n^iByaFByaZBHahCPawC3bLCibUCCb1DWb1Dhc1DDcUCXcLCfdwCudhCJdZBSdFB_diB_dYA_dEASdkAJd5AudTzfdKzXcBzDcBzhcBzWbKzCbTzib5A3bkAPaEAHaYAyaiBya^SHyadIyaxIHaRIPa4J3bjJibsJCbBJWbBJhcBJDcsJXcjJfd4JudRIJdxISddI_dSH_dwH_dcHSdUGJdFGudqGfdhGXc9GDc9Ghc9GWbhGCbqGibFG3bUGPacHHawHyaSHya" /><g i="39" p="%^qM$vMJ$vnJzjcJNehIzhkFupsDupEAShJzNeFzMjiz$vKw$vJx2cXA2cDDzjuE5mkFzj9I2ctL2c" /></glyphs></font><font id="40" name="Articulate Charset1"><glyphs><g i="0" p="%^By$vByvs5Cvs5C$v" /><g i="1" p="" /><g i="2" p="%^rz9ADw9AByvs5Cvs" /><g i="3" p="%^ZARhZAbaJDbaJDRh^FFRhFFbapIbapIRh" /></glyphs></font><font id="50" name="Articulate"><glyphs><g i="0" p="#^NIvlNINjAI8inIvgVHdfrHXdFG9dTFncJEncxDncKCadXBZdtBcf$ArgOA_hBAxjBA1lBAHmNAgoZARprB4rVBjsIC3tvDPtHEPtzFPtdGotTGZskHgsNHzr3IGqlINpvISoFIXnJI3nNIbmNIvl^5M1l5MfnILipjLlrrKWszJvu9IrvLGnwHEnwFCnweBrvPzvuXyXs3ynrGxkphxhnhx1lhxDiJxzg9yve4z$c$zvboBFaNCP9JEP9BGP9_HFanJvbiK$cdLveFLzg5MDi5M1l" /><g i="1" p="" /><g i="2" p="%^bxNobxpmdFpmdFNo" /><g i="3" p="#^zL1pzLTqTKgsbKFt1JzuTHtvmGWvREnwdDnw7CnwWAewJz5wxyFv%DyJsVzrt_ADt3CPt9DPtdEPt9Fvt5GbtNGCstH1sSHerfIrqfItpfIjoRHsnrHBmKG0m1Grl3F8l5ERkZCRkxBRkvA4ltzjlLyFl%Xyba%XKba%XKLc%TBLc%HBBidCri3DmiVDhitEhiTFhiaHNitIhjrJakpK3l_KimzLxnzL1p" /><g i="4" p="%^By$vByvs5Cvs5C$v" /><g i="5" p="%^ZARhZAbaJDbaJDRh^FFRhFFbapIbapIRh" /><g i="6" p="%^rz9ADw9AByvs5Cvs" /><g i="7" p="#^FIbpFItorIIndIXmMHimjHFlEGflZFRk1FRk5DRk0C4mXAjnXAbpXAZpaBNqpBBrUBgsnCXs5DntPDPtNEPtNFPtwGqtfH1tJHosbILrqIWqFI5qFIbp^ZL7pZLPqrL9sVKvtZJru1JnvMHTvvGnw$EnwHCnwfBrvPzvu$y$sbyvrVxDpDxLnDxTlDxJj1yzhrypfrzHdrAZb8CUaRDP9tGP91HP9FHS9hIV9UI$9vJ5a1KdazKlaZKva%xKhdJJRcLICcNHncBGnc7Fnc0E0dVCFd9CKepBPf$AfhBAHizAhk%FAfkNB9jWCJi3EhitFhi3HhigIQitJnjiKik7LdlyLtmZLJnZL7p" /><g i="8" p="%^pE$vpENd3BFgpzzeLEbaxHbaxH$v" /><g i="9" p="#^bL7qbLVrxK5tTJhuKI0vBHLv1G3wtEnwFCnwxBnwaA8wPyVvBxxv%NxDsfzjtoAztxBPtBCPtxDPtuECtrFptbGYsXGvspHNrTH3rTH1qTHVotH8o3HnnlGTmDFnmEE9mFDXlvCXl%xAXl%xAnj%9CnjZCnjXDejVE5jKFHizGhi7HAhHHTgHHLfHH7eyGfdpFncrDnclCnc6BEcTzVczyzd%nyNaFzla0B4anCP9NDP9dHP96Jpb$K$c$KNf$KvhNJUizIhkjGJk%jGNkDH3lyIAltJ5m3KOmFKvnWKmobLdpbL7q" /><g i="10" p="%^LGLcHGLcTztoLGto^TJ1rTJ$vLG$vLG1rBw1rBwtopFbaTJbaTJtoDMtoDM1r" /><g i="11" p="#^zx$v%zxFsRxpssyTr3zlrPzFqdBnpDC2o1EJmaFnljG1k1HFiLHhhLHTfLH1fpHoe3HLduGidVFRc7FCclEnctDnc7CncTAOcDzddzyNd%fy5bdzHaEAfa3CP91EP9HFP9_GhahILabJAb5KpcAKwd3LDe3LXf3LbhzKqi3KFjdJUknI7mfHln7GzoVENplElqSDOqnDfrWCFrtC3s_BusvBVsVArt%nLrt%nL$v" /><g i="12" p="#^rIZgrI9gbIlfXHxesHTdZGddfGOcxFncBEncDDncVCLcbC7dIBLddBneZAcfJA1gJAZgJAJhXAui9BfjCBUj3CxkKCXkpDlllElljGllnH5krIRirIZg^LLhkLLvmlLGoXKRqWJysVIfucHjvvFnwVCnwnCnwMBkw9BhwyAbwXz5wnzZvPyRvpyHv%RyVsHzltEAAtBBPtNCPtfEPtnFatvGxsgHrr1IlqqIVoPItnPITl%LIVlzH3nqGunhFVnVDVnlCVn7BnnVzRm4zVlfyZkQxJjpxtipx1hpxjfYxZdvyDcrzIbnANaFBiaXCP9rEP9FGP94IJavJDbjK6d7LBerLtgLLliLLhk" /><g i="13" p="%^By$vByvs5Cvs5C$v^ByzjBy3g5C3g5Czj" /></glyphs></font><font id="60" name="Tahoma Charset204"><glyphs><g i="0" p="%^LQ8BTN8BTNXv8zXv8z8Bgw8Bgwjtvxjt#uz3qHAOk#VBwfVBg9BOg9BOjtLQjt^ALjtALUbLEUb#xEphnDUl#dCnqqAjt" /><g i="1" p="#^BHOr%BH3nzG9n$EknrDunuCMnkB7oAARoRzzpRzSqRzksFA4tuBQt4DQtrEQtxFftDGFsBHOr^BHaueHruEGVu3GmvwFEvLE1w1EfwkDtw2Ctw$Atw2A3w6zGvoyYuIxfuhxdtTwbsTw2rTwhpDx2onyOm_z3mqBplnD9lkFVkBHNk%BHekBHdjhHCi_G_hqGFhTFih4FbhiE3hsD3htC3h7BnhNzGhryei%gyei%gyjf3z4fxAPe0CxetDxedFxeqGPeEH4fBIOfxJvg_JDhrKKirKkk%rK$v%BH$v" /><g i="2" p="%^OO$vML$vMLTkjBTkjB$viy$viyg9jBg9jBbiMLbiMLg9OOg9" /><g i="3" p="#^tFowoBow8z5uUwOrUwznUwpj3zXgfBteNEtenGteBHWePInfJJngDKlh7LMiDLakDLdm%DLMn%PzMnPzLqiBksOCUtrFUtoGUtiHGtcIstXI7tIJMseKrsNK6s7LQr%hLQr%hLYuOK9v2KsviJLvIIWvSH8waHgwvGowtFow^QIAlOIpkyIAjjIKiRH9ilHwhyGbhMFRgCERgtDRgFCbhSBxhcBbizASieAGjVzukPzAl" /><g i="4" p="%^wKthJEthJE$vSB$vSBth2wth2wYewKYe" /><g i="5" p="#^MNYoMNCq7NYruMitpL7u7K8vFIAvbH$vTE$v%iy$v%iyg9%8Mg9%8MYb%jBYb%jBbi%ZEbihHbiLIsidKJiwLJjGMDkdNYlMNhnMNYo^CK0pCKTneK0nSJ8m2JBldI1l6HWk0GOk0EOk%jBOk%jBpt%XDptZFpt3Hdt9I0t_IssQJSrdK3rCKfqCK0p" /><g i="6" p="#^JKJqJKYrdKZsJJZtTIBuSHlvJGGvAF$vND$v%3y$v%3yYe%XAYe%XAAl%RDAlMFAlQGNlUH_lYIMmQJqngKsoJKtpJKJq^LHMqLH_puHppdHPoCGroZF3o9F_nlEVnPCVn%XAVn%XAIt%LCIthEIt6FAtYFrtzG4tbHHstH8sLHBrLHMq^zP$v%IM$v%IMYe%zPYe" /><g i="7" p="#^rLQqrL4sYK1tuK_tGJDuDIqvuHJvmG$vME$v%3y$v%3yYe%kEYecGYe3H3fXHafOIFfHJ8g6KYgyKLhyKTiyK5kTJ3lcJ1m5Izm%aIGmzJ0nvK5orL9prLQq^CHjjCHKipHjidHThLGEhcGlhwFihREehEDeh%VAeh%VAVl%cEVlfFVlHFPl8GIlGGolaH4loHzkCH2kCHjj^tIRqtI_pdIspZHWo6HwoAGfoZFcomF8ohE8o%VA8o%VAIt%oDItXEItNFAtEGstfH5tUHIsaIbstIFrtIRq" /><g i="8" p="#^UK$v%0I$v%0IlpGGNppF1q8EgqVCgqQBgqOA_pMzIp0z3pgyqoSxqnsxqmsx3l%sxYe%kAYe%kAAjkAIkqAnlwA1mWAFmgBbnZBunHCMnRDMnSEMn$FAn9Hnn0I5n%0IYe%UKYe" /><g i="9" p="#^5Mun5MNr0K7uXHtwuEtwXAtwUy2uSwDrSwunSwcjYyRg3BteuEteXHte0KQg5Mbj5Mun^7Jun7JakWHziJGYguEYgfCYg1BziQzakQzunQzHq1BlsfC$tuE$tIG$tVHns7JLq7Jun" /><g i="10" p="#^pK$v%yH$v%yHep%IEep%Fz$v%jw$v%OBZoGzloHy6nIxTlIxOjIxxifyAhPyDgMzZfxAsfHBcfRCYehEYe%pKYe^yHZm%yHeh%rEehrDehSClhiCshMBLhcB5iWAGiEAejEAUjEAKkQAgl1BNlxBem3CHmQCQmCDZmwEZm" /><g i="11" p="#^REnw5DnwDBRv9Aiv6zbu2y5ttxqrUwLpUwvnUwfluxDj5y_h6zTg6ALfCB9f7DyeREyefGyeyHYeSIlfTJSf%TJ4j%IJ4jpJQiWIvirI9iLHOh9HvhlGghyF1hOE1hzC1hdBJiTzpkTzvnTzwqaBcsuCUtOEUtcGUttHjtKIKsIJPr%TJPr%TJ1vsJevPIwvaIOvFHXvWG8wlGfwMFnwREnw" /><g i="12" p="%^TN$v1L$v1LBiYGirPEirLABiLA$v3y$v3yYexBYe0GpolKYeTNYe" /><g i="13" p="#^WSunWSMrSQ7uOOtwoLtw2Itw4Ggu7E3sXDeo%XAeo%XA$v%3y$v%3yYe%XAYe%XAUl%$DUlmEpikGrgiIteoLteZOteXQWgWSmjWSun^ZPunZPdkMOBiANYgoLYgaJYgZHCiNGfkNGunNGHq_HlsbJ$toL$tAN$tMOosZPNqZPun" /><g i="14" p="#^ZKJqZKYrtKZs_JZt7JBu7IlvZGGvQF$v1E$v%3y$v%3yYe%XAYe%XAAl%6EAl1GAl5HNl9I_lcJMm5KqnxKsoZKtpZKJq^0IMq0I_pLHppuHPoTGroeG3opF_nBEVn4DVn%XAVn%XAIt%0DItxEItnFAtdGrtQG4tsHHsKH8s0IBr0IMq" /><g i="15" p="%^xL$vFI$vFIjoXAjoXA$v3y$v3yYeXAYeXARlFIRlFIYexLYe" /><g i="16" p="%^HM4A0K4A0KYvNyYvNy4A6w4A6wytfxyt#HyarCzln#yAvjyAYe_KYe_KytHMyt^7Iyt7ImheDmh#2DalbCko#lBtr3Ayt" /><g i="17" p="%^xL$vFI$vFIqhXAqhXA$v3y$v3yYexLYe" /><g i="18" p="#^mM0nmMhrkKPtiIkwaFkwVDkwWC1wYBLvXA8v%XAhC%3yhC%3yYe%XAYe%XAKg$BMfiD7fCEte9Gte4JteJKOgmM6jmM0n^pJlnpJqktIPiyHchsFcheEch5DLhYBiiXA8j%XAOs3CmtSCztGDLtIELtXGLtaI7spJuqpJln" /><g i="19" p="%^xL$vHI$vHIhjFA$v3y$v3yYeVAYeVAsrRIYexLYe" /><g i="20" p="#^gL$v%oI$v%oImh%xCmhvCDisCOjpCYkmCVlgCio2CWpQBxruBws9BwtLA5ulAFuRz6vjzzvJyOv7y0wnx0w8x0wLw$vnw$vdw$v%dwut%nwutuwutBwvtIwwtSwwtexwtAxqtXxjtcy0tZygsjzpqGzxoQzalUzWjXzdi_zvg1AYe%gLYe" /><g i="21" p="#^NL$v%dI$v%nC8o%XA8o%XA$v%3y$v%3yYe%XAYe%XAmm2ClmQCVlDDslaE9klEMjyEgjLEMiTEniyFvgKGKfWHYeQJYe%CKYe%CKqh%YJqhLIqh8IWhyHpi7HJjIG2l7GOlyFxmREWm" /><g i="22" p="%^iy$viyg9vMg9vMYbjBYbjBbiKLbiKLTkjBTkjBjtvMjtvM$v" /><g i="23" p="#^9Kth8LtiHL1kfMAlfMCnfMApCLfr_KWsWJ3uQIgvuHTv9GtwAEtw_CtwEBVvjAlvmzbubyKsBxzq0xno0x9l0x0k6xRidxFhyx$fSxxenyhdUy0cKz9bPA0azCl9jEG8bHq8dIk8nJf8yK989L68%9LLamKOasJTazIXapH1bSF9bbEAbwC_bFBTc0BxdDALefAZf5AthdBFgwC6gPDyfiFyfHGyfXH0gbJtg9Kth^kJNnkJ3l6IDjUGaiDEaioDaieCAi4B_i2AGj0A3k_zBkYz6lYzylYzbonASpPAwrABtsgCkt1DFtOD_tHE_tUG_t6IkskJFqkJNn" /><g i="24" p="%^XT4AgR4AgR$v3y$v3yYeXAYeXAztJGztJGYeBJYeBJztnPztnPYeeSYeeSztXTzt" /><g i="25" p="#^MS$v%iP$v%XJ9o%QI9o%QI$v%_F$v%_F9o%TE9o%qz$v%6w$v%xC3nOBGmcBWlDA9laAJjMzqibzWhDyqhlxqh%Hwqh%HwYe%txYelzYezAJfNBtgtCniBCNiOCij0DOj9D9kGDjllEQl0Flm_Fpm%_FYe%QIYe%QIpmOJkmuKPlbLilGL9kRLMj2MgjgMMinMni2NvgeOKfrPYelRYe%7SYe%7Sqh%tRqhfQqhEPWh2PpiEOJjdO2lDNPl2NAmlMZm" /><g i="26" p="%^VIthXAthXA$v3y$v3yYeVIYe" /><g i="27" p="#^aOg9%WFpspFCtLElu6E4vpDrvICQv0CYvlB3wFA3w2A3wdz1wpy$vay$v%ayat%oyatCyct4zftyzhtgAhtBAht2BftwBctUB0tlCOsKCss7D5srDjr%YD6q%_vg9%jzg9%uFEm%2Lg9" /><g i="28" p="#^mJhrmJJsKIIt6IHu7HhvcGRv$E6wPDowDCowYAowsz3wYxKvuw$u%uwRr%FwRrIxOsgzmtQAWtoCWt3DWtQDNtBEDt7FktQFUs7GpsqGWrqG3rqG8q4GBpLF1p8FMoyEuoPDqo4DlofClo%eAlo%eATl%NBTlmCTldDRl5EOlCEBlgFmlFFVk3Gsk3Goj3GDiJFaioFJhUEthnEbhMD5h9D$gAC$g8B$gOzphtyOhvxBi%jxBi%jxvfqy6fLzQe5BxerCxewDxeEEMeMF_eMGwfJH1gmIXg$IRh$I9j$IykcIBlqHEm7GZm%7G4nyHznsIAomJApmJhr" /><g i="29" p="%^tLYeiChCezhChCav4wYebzYeQDzrtIYe" /><g i="30" p="%^MR$vLO$vLOqcQIKp$GKp7Bqc7B$viy$viyg9qCg95IWlANg9MRg9" /><g i="31" p="#^xL$v%HI$v%HIhj%FA$v%3y$v%3yYe%VAYe%VAsr%RIYe%xLYe^fK17fKl8WJq9CJva0JdbkI1csHrcAGRcdFRcZDRc1Dqc5C$bsBdbQAtavAp9bAk8bA17%FC17FC59iD$9XDVadFVarGVa5H0aMH79MH17" /><g i="32" p="%^jL$vNH$vFDypoz$v8w$v3CxncwYeKzYeQDkl2IYejLYeqFln" /><g i="33" p="#^IN0pINJq3N0sqMjtlL8u3K9vBIAv7H$vPE$v%iy$v%iyg9%kEg9LGg9YHr9aJB9iKbawLRa4MVbEMZcEMpeEM$fOLghYKxisJfj%sJnjuLWjBMolINRmIN0p^vJQevJ$ddJpdYIOclIscCH1cIGXbOFRbdERb%jBRb%jBvi%LEviaGviRGmiwHdieILhWIjhcJBgvJTfvJQe^zK8pzKSnbK1nQJcmJICl$Hel9H7ljG0lLE0l%jB0l%jBpt%NDptMFptVGet2I2tWIssMJSr9K6rzKlqzK8p" /><g i="34" p="#^OM$v%MJ$v%MJYm%lGYm%yz$v%Wv$v%cDvmWAJlFz5kpytipyKfpy$d7zKcSztb2BEa7CT9ADA91Fg9NGg9%OMg9^MJrk%MJSb%DGSbjFSbwE1cKDcc4DEcnC6dZBZdABQeABRfAB3hSBTh8CHiMCjjsD_jrEdkrFrkLGrk" /><g i="35" p="#^5P$v%fL$v%dDAl%jBAl%jB$v%iy$v%iyg9%jBg9%jBwj6Dsj8ECibFMhRFcg7GwflGVezGheIGRdDHeb1JfasKg9ZMg9%VNg9%VNZb%8NZbhLZbxKIcNJqd9JrfxIshLHoi_GkjTF2k" /><g i="36" p="%^DO$vDL$vDLYdlB$viy$viyg9iBg9iB0rrLg9DOg9" /><g i="37" p="#^tFowoBow8z5uUwOrUwznUwpj3zXgfBteNEtenGteBHWePInfJJngDKlh7LMiDLakDLdm%DLMn%PzMnPzLqiBksOCUtrFUtoGUtiHGtcIstXI7tIJMseKrsNK6s7LQr%hLQr%hLYuOK9v2KsviJLvIIWvSH8waHgwvGowtFow^QIAlOIpkyIAjjIKiRH9ilHwhyGbhMFRgCERgtDRgFCbhSBxhcBbizASieAGjVzukPzAl^qJ5c%mG5c%mG79%qJ79^7D5c%3A5c%3A79%7D79" /><g i="38" p="%^eS$v3y$v3yYeXAYeXAztJGztJGYeBJYeBJztnPztnPYeeSYe" /><g i="39" p="#^aHpwYEpw4DFvcBVuSzqtvyYrLxLp$wxn$wFk$wOhJxHfsyzdRz_bcBta3DG9WES8dHS8nIS8mJ19mKc9dLs9YLH9JM1avNnaeONa%eOqe%$NqeBN3eZMydlM1dsLwcAK2cyJLbxIrbbHrbLFrbsE1c9DDcaCNdcBYeGAIg8Asi8AFk8A_mIAGogBmqfCwrbDFstEetMFOtbHOtvIOtCJutKK9tCLGsrMbs2NIrFNcr0ORq%eORq%eOsuvNOuQM7vaMrvdLLveK3wnJewxIpwaHpw" /><g i="40" p="%^6N4ArK4ArK$v3y$v3yYeXAYeXAwtyIwtyIYeqLYeqLwt6Nwt" /><g i="41" p="%^OO$vML$vMLYbjBYbjB$viy$viyg9OOg9" /></glyphs></font></bwFonts>