﻿<?xml version="1.0" encoding="utf-8"?><bwFonts xmlns:xsi="http://www.w3.org/2001/XMLSchema-instance" xmlns:xsd="http://www.w3.org/2001/XMLSchema"><font id="00" name="Microsoft Sans SerifBold Charset204"><glyphs><g i="0" p="%^iQ$vLM$vLMGlZBGlZB$vsy$vsys9ZBs9ZBsiLMsiLMs9iQs9" /><g i="1" p="#^7FmwvBmwhz4u3xOr3xMn3xLjczshmB9fPE9flI9fsKqhAMHjAMMn%AMKo%DAKoOA2r2CisiDyt7FytwGytBHSsHIasLIEq%hMEqXLztXJZuYHmw7Fmw^_IVlFI3kxH0jqGYhPEYhfDYh7C0j$A3kHAVl" /><g i="2" p="#^PE9flI9fsKqhAMHjAMMnAMQrsK5ulImwPEmwiBmwaz5u3xPr3xMn3xGjazqhiB9fPE9f^PEytHGytSH6s1JGq1JMn1JQkSHojHGYhPEYhYCYhMBojBAQkBAMnBAGqMB6sXCytPEyt" /><g i="3" p="#^mAsiAA9h3ClgzDwf9FwfDIwfMKMhWM$jWMXnWMSrNK6uEImw9FmwpxmwpxNlpxwfwzucDBs9VGs9DIs9YIj9iJa9iJt8%KMt8KMqahMcbRLZbDKmcqJLcJGLcHCLcwBIemAEgmAsi^9FytZGytaI9snJLqnJXnnJ8laIKjZGki9FkilDki8CKjXA7lXAXnXALq8C9slDyt9Fyt" /><g i="4" p="%^KL$vKH$vZDOpbA$vcw$v3CrnGwwfFAwfZD3lgHwfgLwfSFqn" /><g i="5" p="%^RLbt8Obt8OfAIKfAIK$vrz$vrzfA$vfA$vbtyxbt#aAtpaAAgaAwfRLwf^oIkiBDki#hDPpbBbtoIbt" /><g i="6" p="%^4y$v4ywfxBwfxBAr8IwfGLwfGL$vdI$vdIWjCB$v" /><g i="7" p="%^4y$v4ywfICwfeHSrNLwfpQwfpQ$vZM$vZMzjJI$vMF$vxBzjxB$v" /><g i="8" p="%^ywkiywwf5Kwf5Kki2Fki2F$vCB$vCBki" /><g i="9" p="#^PF$v%4y$v%4ywf%PEwf$Kwf$K0k$KJmXIonIL3oILfrILpt5KIuvI$vPF$v^xBki%xBam%yEamdGamTGKlyHhlyHfkyHgjRGOi9GkilEki^xBZo%xBbt%VEbt9Ibt9I5r9IZoGEZo" /><g i="10" p="#^xBIl%MEIl_HIlQJ5nGLtoGLRqGLetQJDu$H$vME$v%4y$v%4ywf%xBwf^xBbt%EEbt7Ibt7IRq7IwoEEwo%xBwo" /><g i="11" p="%^4y$v4ywfxBwfxB5m7I5m7IwfzLwfzL$v7I$v7IWoxBWoxB$v" /><g i="12" p="#^7Iqr%7Iio%wGioHAioHAkrHApstB_sgCytIDyt0FyteGYstHms7Iqr^7ImupGmwUCmwoAmwMy0v9xFt9xur9xCl3HCl%7ICl7IgkYHzjOHSi3HpilGYhEEYh9BYh2BFk%DxFkYx9fNE9fXH9fLJrgzLJhzLql%zL$v%7I$v" /><g i="13" p="%^4y$v4ywfzLwfzL$v7I$v7IkixBkixB$v" /><g i="14" p="#^xBphXC9fLF9f0J9fOKthAMMjAMDnAMErAK$tBImwyFmwRCmwxBMu%xB5C%4y5C%4ywf%xBwf^xBPr9DytnFyt1Hyt1I5s1JDq1JDn1JOk4Inj8HYhuFYhjDYhxBtk" /><g i="15" p="#^PEmwiBmwaz5u3xPr3xMn3xGjazqhiB9fPE9fxH9fmJygcLWhxLTk%0ITkYHjj1HEi7GYhPEYhYCYhMBojBAQkBAMnBAGqMB6sXCytPEyt7Gyt1HTsYHbs0IEq%xLEqcLBtmJ_uxHmwPEmw" /><g i="16" p="%^PL$vZH$v$CfoxB_pxB$v4y$v4ywfxBwfxBhmbHwfcLwfbF6m" /><g i="17" p="#^4y$v%4ywf%xBwf%xBAr%8Iwf%GLwf%GL$v%dI$v%dIWj%CB$v^BJf9pJzb6IFcPGLdRELdSCLdzBFchAyb7Af9%xCf9UCibREibMGibbHf9" /><g i="18" p="#^tPjptPysgNhu4L$vZG$v%sy$v%sys9%zGs99Ks9gM1boOBcoOlfoOIidLYjeNjklOSltPontPjp^ZBEi%xGEiSIEiTJYhVKfhVKCfVK8eVJpdVIFcgGFc%ZBFc^ZBNs%XGNsRLNsRLjpRLwnKKHmDJRlzGRl%ZBRl" /><g i="19" p="#^vDwf%8Lwf%8L$v%HH$v%HHOp%uFOprEOpKDmq1DWqlCls%yA$v%Nw$v%2zrr4AspJBcpuxxouxrkux9i5zRgIAwfvDwf^HH_m%HHki%XDki1Bki1Byk1B_mIE_m" /><g i="20" p="#^izwf%1Mwf%1M$v%BI$v%BIki%LCki%LCiqLCQtAB_uqA8wmy8w9x8w8wXv%8w6tixkt1yktLykt0zOsizfsizmq" /><g i="21" p="%^fS$vqO$vTIfpTI$vrF$vrFfpTz$v2w$vLDknCwwfsAwfrFulrFwfTIwfTIulRNwfIRwfzKkn" /></glyphs></font><font id="10" name="ArticulateBold Charset1"><glyphs><g i="0" p="" /><g i="1" p="%^9y$v9yDrxCDrxC$v" /><g i="2" p="%^9y$v9yDrxCDrxC$v^9yhk9yVfxCVfxChk" /></glyphs></font><font id="20" name="Microsoft Sans Serif Charset204"><glyphs><g i="0" p="#^bIe9UMe9TPqcSSBfSSPkSS1qTPctUMnwbInwtDnwsActsx0qsxPksxBfsAqctDe9bIe9^9IRtwLRtFNtrOP4pOPPkOPxgFN9exLNbdINbRENbHC9exAxgxAPkxA3pGCsrQERt9IRt" /><g i="1" p="%^NQ$vTM$vXERksBeosB$vvy$vvyD9sBD9sBJkmMD9mQD9$GPi" /><g i="2" p="%^3Q$v4N$v4NhcsBhcsB$vvy$vvyD93QD9" /><g i="3" p="#^GErf8IrfcKFhhMSjhMVnhMXrcK9u8InwGEnwdBnw9z9u5xXr5xVn5xSj9zFhdBrfGErf^GE6uJG6u$HysiJ_qiJVniJPk$HfjJGGhGEGhCCGhkBfj2APk2AVn2A_qkBysCC6uGE6u" /><g i="4" p="#^HF$v%6y$v%6yOf%GEOfFKOfFK5kFKEmyIAnnLronLsrnLwtRJMukI$vHF$v^$A3i%$ABm%pEBmcGBm_G4mMHylMHkkMH9jYGCi8G3ibE3i^$AQo%$ALt%MELtoILtoIjroIQowEQo" /><g i="5" p="%^zw3izwOfKJOfKJ3iAE3iAE$vJB$vJB3i" /><g i="6" p="#^$AKhWCrfDFrfOIrfxKHhhMXjhMMnhMLrkK3unInwqFnwOCnw$AKu%$AdC%6ydC%6yOf%$AOf^$A8sRC6ueF6u5H6ubIwsiJWqiJMniJNkfIejdHGhmFGhZCGh$Ask" /><g i="7" p="%^6y$v6yOf$AOf$A6sfIOflLOflL$vsI$vsIGjcB$v" /><g i="8" p="#^$A7m%CE7mOH7mzJsnlLNolL2rlLltzJGuOH$vCE$v%6y$v%6yOf%$AOf^$ALt%uELtnILtnI2rnImouEmo%$Amo" /><g i="9" p="" /><g i="10" p="%^6y$v6yOfeLOfeL$vnI$vnI3i$A3i$A$v" /><g i="11" p="#^GEnwdBnw9z9u5xXr5xVn5xSj9zFhdBrfGErfkHrf6JNgUK7icLFk%fIFkbIcj9Hri7GGhGEGhCCGhkBfj2APk2AVn2A_qkBysCC6uGE6u7G6u9HmtbIBsfI9r%cL9rUKHt6J1vkHnwGEnw" /><g i="12" p="#^nIKr%nI9o%pG9o8A9o8Ayr8ANs2BstZB6uxD6uYE6uhGttCHQsnIKr^nIkuaGnwICnwiAnwKy4vbxMtbxIrbx1mZG1m%nI1mnIhkbIvj$HJi9HcikGGhuEGhEAGhxAqk%FxqkZxrfEErfLHrfuJGgeLVheLxl%eL$v%nI$v" /><g i="13" p="#^mzOf%ILOf%IL$v%RI$v%RI3i%fC3i%fCvqfCZt8B3v2A8w4y8wVw8w8w$v%8wGtZwVtLxVtHyVt0zetmzzsmzzq" /><g i="14" p="%^6y$v6yOf$AOf$AwmnIwmnIOfeLOfeL$vnI$vnINo$ANo$A$v" /><g i="15" p="%^3Q$v4N$v4NtlsBtlsB$vvy$vvyD9sBD9sBPi4NPi4ND93QD9" /><g i="16" p="#^$EnwqBnwfz8u5xVr5xVn5xXjbzHhhBrfGErf8IrfcKFhhMSjhMVn%hMBo%4ABogAprDBMs$C6u$E6uvG6uJHltXIAs$I9r%ZL9rDLFtHJ0vMHnw$Enw^eJkmUI$jFHRirGGhGEGhYCGhJBQiuA_j8Akm" /><g i="17" p="%^3Q$veN$veN0ewB$vvy$vvyD9iBD9iBAr0ND93QD9" /><g i="18" p="%^$A3i$A$v6y$v6yOfFHOfFH3i" /><g i="19" p="%^xLLtSNLtSNlA_KlA_K$vSy$vSylA$vlA$vLtqxLt#fALpfAAgfAOfxLOf^EI3i7D3i#OCVpEALtEILt" /><g i="20" p="#^kDOf%PKOf%PK$v%WH$v%WHGp%mFGpaEGpnDjqBCXqSBrs%6A$v%Ow$v%$yXr3AUpRBjpwxrowxwkwxki2z3hBAOfkDOf^WHrn%WH3i%ND3ivA3ivADkvArnyErn" /><g i="21" p="%^3S$vDO$vuI6puI$vDF$vDF6puz$v2w$vUDtnDwOf4AOfDFUlDFOfuIOfuIUl1OOfuROfdKtn" /><g i="22" p="#^qxAk%qxOf%jAOf%jA7kjAfm4B7nSB$nPD$nzF$nFH6n%FHOf%wKOf%wK$v%FH$v%FHtpuFeq9DeqqxeqqxAk" /><g i="23" p="%^6y$v6yOfjCOf8Hos$LOfbQOfbQ$vjN$vjNjjqI$vSF$v$Ajj$A$v" /><g i="24" p="#^9EzmtE3jkGfhbIrf6LrfmOrffQEh8SRj8SVn8SYrfQaumOnw6Lnw5InwdGrumEvs6EPo%$APo%$A$v%6y$v%6yOf%$AOf%$Azm^6L6u_M6u4OysaP_qaPVnaPPk4Ofj_MGh6LGheJGh8Ifj3HPk3HVn3H_q8IyseJ6u6L6u" /><g i="25" p="#^PzPiAAph0CCgtDOf1FOfqIOfwK$hDMckDM5oDMZrwKauqInw1FnwqxnwqxUlqxBfvzCcBBD9PGD9DID95Jr9zJe9zJC8%qMC8qMda0MWaDLDbtK$bjJncCGnckCnc3BtePzzgPzPi^1F6u1H6ulIBsFJ3rFJ5oFJ6llIBj1H3i1F3i1D3iJBBjpA6lpA5opA3rJBBs1D6u1F6u" /><g i="26" p="%^vL$v3I$vTC5o$A3q$A$v6y$v6yOf$AOf$AJmeHOfTKOfKEbm" /><g i="27" p="#^1zVzaBVzwC$v%mzFn%pwOf%wzOf%1Chn%PDts%5IOf%cLOf%5F$vcEjyADzzZCQAZBHBZAyCwzyCryyCFxlC%FxHzkyVz1zVz" /><g i="28" p="%^pL$vQH$vPDGpNz$vcw$vbCAnGwOffAOfPDtlmHOfXKOfqFyn" /><g i="29" p="%^WS$v6y$v6yOf$AOf$ALt4HLt4HOfYJOfYJLt3QLt3QOfWSOf" /><g i="30" p="#^PxD9%SAD9%SA4hSAOlDFOl9JOlULfk%ULD9%TOD9%TO$v%UL$v%ULNmDIso6FsoIBsoLzvmPxxkPxah" /><g i="31" p="%^$A7mCE7m#OH7mzJsn#lLNolL2r#lLltzJGu#OH$vCE$v6y$v6yOf$AOf^$ALtuELt#nILtnI2r#nImouEmo$Amo^iQ$vpN$vpNOfiQOf" /><g i="32" p="#^pwFkJw7ivyNghArfXCrfoGrfsIFhwKSjwKVnwKXrsI9uoGnwXCnwhAnwvy1vJwHtpw9r%mz9rqzBssAmtuB6uXC6uME6u$FSsfHCrvH2p%FB2p%FBPm%vHPmfHdk_FYiKEGhXCGhuBGhsAriqzcjmzFk" /></glyphs></font><font id="30" name="Consolas Charset204"><glyphs><g i="0" p="%^xA2cxA7rNI2cmL2cmL$vEI$vEIXgpA$vPx$vPx2c" /><g i="1" p="#^0yftHyqtszztdAItZAPtJBWtpC_t6D1uFD1uYE1uPFStGGHtbHntIH3tVHCs7I9s7IBr7I2rWHBqKH8qeHPpLGupUFip2F6pJD6p%Yz6p%Yz2n%ID2nSE2nBFVmlGLmMGtmbHamlHMlvHllvHPkvHhkiHUj6HujGGcjeGWivFMiMECiHDCivCCi4BNiFzYieygj%ey0hSyUgAzMgjAEg3BzgPBugyCrghDogYDogMFogZGIgaI$gVIxhEJ3iXJOifKxjfKokfK1l3KClTJbmuJEm6J5nwIqnXHKn6HTnXH$nEIholJzoRJ1pmKupFK8qZKNqZKBrZKCsAKttbKkuiJYupIzvYGWvwFgwpDgwRCgw9CdwuBbwLA6w1A2wkzYvDySv0yJv" /><g i="2" p="%^LK$v5I$v5I_i5B_i5B$vry$vryGgLKGg" /><g i="3" p="#^xL3oxL6qYKErnK9tnJaunIav$GGvDFaw0EawhDawzC5wRB0w5BRv%5BfC%ryfC%ryGg%OAGg%ZAej6CGhpD1hIEogdGogxHogwIYgwJvhbKviSKvjbLVkxLjmxL3o^PIboPIZmDIZlsIYk4IfkIHxj5H7jvGJiHFJiaFJiFETi8E1jADpj1DNjpCpkOB0l5BXl%5BntQBGtDCStrD1udE1unG1uBHzsPI5rPIbo" /><g i="4" p="#^nLxnnL5omLtolLRojLbp%zAbpzAxrSBOsaD2uFF2ukG2u$G$tGHYtiIStWIMtuJFt3KxtyKot%yKAvtJUv5I4wJGgwgFgwiDgwTBKvtAcvyzbuEyatcyIrNxdqNxmoNxLmeyjlIySjBzMivAGhOB1h5DogKEoglGogAHVgPIphFJkivKfjXKAknLUlnLxn^CI8nFI7mpIhlaIqkFHPj8HcjnGSiDFwiCEwiLDwi1DSijCbjNBOjgBpkXAglDA7mzA8n" /><g i="5" p="%^OHZixDZi#nDAl7Drn#UChpzCxq#eCNrOBxs#nBhtSAItOHIt^FMItuMVz3KVz3K$vUy$vUyVzvwVzlwItzwIt#8xItFxxt#ayltCyQs#3zjsrzpr#Pzvq6A3p#pACnDAzl#RAvj$AGgsKGgsKIt" /><g i="6" p="%^CK$vYH$vYHZiHDZi#vD6m8Dmo#NCBqhC5s#NBBt8Btu#vAkvLzJv#0z5wby4w#mx4wvwTvDwGt#exKtMxCt#iyutLy1t#dzzsAzHr#YzOqfAlp#zATnNALl#0BDj9BGgCKGg" /><g i="7" p="#^hI$v%dIXtZGavGFJvoEgwZCgwFBgwJAXvOzBvbz0vByquiyDt0yQs0yVr0yBpKziosB_mPE_m%_H_m%_HEl_Hhk6HtjfGFitEFi9DFiUBYiEAejizMj%iznhPzbhqA0h2BRgKBIgqCzg9DugVDogGEog3GogaHIgiI0h3JEhQJgieKdjFK9kFKrl%FK$v^_H0p%CE0pDD0pVCdpbCqpJBNpgB8q2BFqQAarQAPrQAfsZAFs6B3tpBntJBHtcCTtHC2uoD2ujE2uuFvtGGXs_HKr" /><g i="8" p="%^nCZinC$vHz$vHzGgNKGgNKZi" /><g i="9" p="%^qM$vOJ$vpJqmeJ0jlIpltFmsxDmsMAGlPz0jHzDmgz$vKw$vJxGgeBGgSDhnAEfpiFhn_HGgtLGg" /><g i="10" p="#^iJ$v%iJGg%WLGg%WL$v^TEirTE5q6ErpmDMoJBMogBMoPANomAOoTzQo%TzStmAXtOAZteB_tHB_tCC_tdDMtQDxtbEatyEOsIEjsTEQrTEir^TzBmqAAmUAAmnBzmUBzmkDzmpEVmuFfncGTnWGuogHlpDHcqDHdrDHrscHmtOGhu1GVugFxv9ESv3DawxBawzAawtz6wny3wfxVv%fxGg%TzGg" /><g i="11" p="%^fM$vJI$vAE8qvA$v3x$v$CiokxGgKAGgMEzmJIGg$LGgfGmo" /><g i="12" p="#^BLwrBLAs8LstIKjuMJXuRIyvpHUv_Few0EewJCewfB7wOz1wryTv%ryLgTzAglBugPCogwEogDHogeJphRKqiRKkkRKDl5KzmlJvnQHXnzI3oeJloWJDorK4pZKwphL8qBLLqBLwr^7ITk7IkkVHVjIHujeHbjMGTi$FJifFyibEyidDyivCBiOBDi5BJi%5B8n%aE8n7I8n7ITk^NIArNIoqIHOpDGbpmEbp%5Bbp%5BTtRB$tzC2uiD4ufE4uCF4uuGVtmHJtSHotnI2tAIBsNI7sNIAr" /><g i="13" p="%^iBGgiBsr_HGgwKGgwK$vSH$vSHclbB$vEy$vEyGg" /><g i="14" p="%^LK$v5I$v5Idp5Bdp5B$vry$vryGg5BGg5BUm5IUm5IGgLKGg" /><g i="15" p="%^KLZiWFZiWF$veD$veDZiqxZiqxGgKLGg" /><g i="16" p="#^MLcoML$pgLurMKZsPJ1uTI5vwHHv9GgwrEgwNCgwtBMvaAfvgzgumygtTxOroxkqoxqooxEmUxalpyHjlzEiiAAhFB_g0DogKEogoGogHHVg$IqhVJpiPKojhLSkMLjmMLco^2Jko2JVmKISlqIOkRH5kgHnjrG0jCFFiAEFioDFiyC7jIBBj9BnkCA8lmAam6Abn6Ako6ALpqAQqKAUrjBCsUBjtJCGtyD1uAE1uMF1uCGzttH5t$HjsyIxrOIwq2Jup2Jko" /><g i="17" p="#^4JFo4JknNIlmuIml_HIkvH2kSGKjdGpjwFpjOEpjbECjBDPj0DdkrCDkRBflgBTlCANm%CA3nCA8pWAuqfBPrOBBsmCnt6DHtSD$tME$tQF$tEGytsH5t_HmsxICrOIFq4JHp4JFo^rA8kvBDiPCUh7E9hMF9h4H9hbIEhiJ7i5K4jVK0klLplOLNmOLzoOLeqgLFrLK4tOJ6uRI7vwHIvcGgwCEgwYCgwHBIvrA7vBzXtLyLskyYqVx8pVxFmVxCjqythXykfWzWdWAvcnCJbQDXaJFAagGuaSGqatHla3IhaFIcacJ8aLJ4abK_9%bKrcTJvcuJyc5JBcFIEceIHcMHKciHNcTGRc5F4dXDBdOC6e5C$eoBUf0BahFArirA8k" /></glyphs></font><font id="40" name="Articulate"><glyphs><g i="0" p="%^By$vByvs5Cvs5C$v" /><g i="1" p="%^rz9ADw9AByvs5Cvs" /><g i="2" p="" /><g i="3" p="%^By$vByvs5Cvs5C$v^ByzjBy3g5C3g5Czj" /><g i="4" p="%^lA$vlAvsRDvsRD$v^rDTpLATplAbaRDba" /><g i="5" p="#^9DnA5CNy9B7xdAtvxzKtRy$rry9q1yjo1ylm1ylkrywiRyHgyz_efAhdaBEb5C$99Dn8%ZFn85FX9eECbnDhdHC2f$BPgABEi9Btk9Blm9BdozB3qZBVrECGtjDrvaE7x1FPyZFnA" /><g i="6" p="#^nElmnEjoZD9qzD$rSCKt9CtveB7xjANyfznA%rwnAlxNycy5x3zpvLzEtrATrRA2qfBdofBlmfBtkRAFirARgNz5f7zldfyGbnx$9rwn8%fzn8jAZ9eBBb9CddSCXezDFgZDvinElknElm" /><g i="7" p="%^bxNobxpmdFpmdFNo" /><g i="8" p="%^3CVtBxBn3ChhPEhhLABnPEVt^nIVtVDBnnIhh7Lhh3HBn7LVt" /><g i="9" p="%^$AVtfyVtjCBnfyhh$AhhtFBn^jHVtzEVtDIBnzEhhjHhhNLBn" /></glyphs></font><font id="50" name="Arial Charset204"><glyphs><g i="0" p="%^syD98BD98Blr1ND90QD90Q$vkN$vkNkepB$vsy$v" /><g i="1" p="%^3yNfPANfPAxmqIxmqINfaLNfaL$vqI$vqIPoPAPoPA$v3y$v" /><g i="2" p="#^DI3q%kLpqUKct3JNueHmwAEmwfBmwezbudx0sdxYndxkl4ymjYyohKApgwCqfBEqfeHqfVIMgBK5i3Lyk%oIYk0Ikj2Hvi4GGhIEGhDCGhkBaj1AFk1ATn1A8rhBDsxC5uyE5uaG5ufH6tlI6sDI3q" /><g i="3" p="%^AwNfKJNfKJ3iwE3iwE$vOB$vOB3iAw3i" /><g i="4" p="#^2ycC%2yNf%zANf%zAUhrBFgyC2gGDqffFqfkHqfVIvgvKzhjLwj7Msl7MMn7MfqdLfskKeuDIivXGmw3FmwHDmwBCNvvBcvOAju%OAcC^yA_nyA5rPBBs4D5uTE5uIG5u$HysjJ$qjJLnjJFk1I7jMGAh$EAheDAhUBdjyASkyA_n" /><g i="5" p="#^XxeC%DxFzxyVzczVz6AVzFABzcBhzzBKyQBkypCHwuCtwEC0w%vwNf%szNf%PCaptDYq$DWstE1r7Fep%BINf%lLNf%aFgwbEXyEDXzVCiBYBWB0BzCIzzCVyzCXxeC" /><g i="6" p="#^1yNf%NANf%NAOm5COmDCim9DNlaEmj_ErhuFQg_FdgEG$fiHNfLINf%iJNf%iJ3i%xI2isH2i8HmiQGIiaGmkyFYl0FzmvEanqDGnbF9oVGZq%VJ$v%UG$v%YDZq3DtpoC_oJBvoNAvo%NA$v%1y$v" /><g i="7" p="%^5yNfRANfRAKtrIKtrINfbLNfbLKtYMKtYMAAIKAAIK$v5y$v" /><g i="8" p="%^2yNfOANfOA8spINfnLNfnL$vDI$vDIIj0B$v2y$v" /><g i="9" p="#^PKNf%PK$v%4I$v%4IGp%uGGp2FGpkE2qDDqqgCss%Tz$v%tw$v%qzDrNADp7CnpNz2pEyGnvximvxwkvxpi_y5huANfiDNf^4I3i%aE3iJB3i$AQiiABjiACkiA3mlBLmoCqn2Fqn%4Iqn" /></glyphs></font><font id="60" name="TahomaBold Charset204"><glyphs><g i="0" p="#^_O$v%iy$v%iyhsqACq6C6pODCn4FgmJGwktHbjeISheIsgeITehH1elGadEEadNDad$CodeCCdrBXdFAie6AGezz1fhzcf%Rycf%RyfaPzO9RBj9UDQ8NFQ8QJQ8VLEa$Nrc$NIf$NIh2NEj6MAlVJNnxI8peHcqXFgrmFIr%_OIr" /><g i="1" p="%^fPIqbMIqbM2wGG2wGGIqGwIqGwsmuGg9bMg9bMCmfPCm^GGCmGGTeWACm" /><g i="2" p="" /><g i="3" p="#^JMAhHNzifO1kQOulQOEnQOFrrM5u2Kxw_FxwxBxwmzFtcxMqcx$kcxVjixNipxEhOx0g6yGeIyldjz$b9A9b6BaaKCt9nEL8jHt8IIk8CKe8wM88EN68%EN7cHMacTLdc4Lfc2KkcpJncmItckHzcBGIcJFUcYEhdcEFdJDhelDLe6DyfTCkgMCthUDFg8FagpGHfRHHfhJHfxK9gNLDgJMAh^fIKrKI8r1JhqkJqpkJQnkJ_lnISkrHKjTFKj9FKjmEWjAD6kICBkICLkHC1lHCjlHCylHCLnQCVoZC2qrD0rQDRrvEhsaFIs3GIszGIsaHtsOHesfIKr" /><g i="4" p="#^uHwr%uHYn7G5ohFbosEhoEDAoXCQoyCkp9CPp9CEq9CRrOCissDKsJEKsqFKs9GqsUG5suHwr^uHauXGEuvG$u3GmvkFKvCE4wWDgwfDsw1CswMzswfyWuLwotLw4rLwapwx$nhyQmJz8maBrlaDalbFUkwHKk%wHEkwHdjtGHiqF8ikD8ioC8i7BuiSzQiEymj%bymj%bydf_y$eLAHewCnekEneLIneMKRfOMjhOMkk%OM$v%uH$v" /><g i="5" p="#^nO$v%1J$v%1JDi%REDiOEJjMEokLE3lJEVlCEmoiEVp$DsrxDss4DrtBC$t6CzuyB2v0Bvv1AOv3z5wfy5wzx5wTw2wcw$v3w$v%3wFr%dwFrhwFrqwGrAwHrIwHr4xHrtxCrTxwr7ygrbzbquzpoNzDmUzpkXzcj$zJh3Aeg5ASe%nOSe" /><g i="6" p="#^uOrnuOFraM5uSJxwEFxwrBxw6z5uNwFrNwrnNw9j6zLgrBkeEFkeRJke9MMguObjuOrn^0Jtn0JXlLIWkvIVj3IhjBHFi$GpipG9iEF9iWE9ilEniMDBigDdjPCPjxCSkgCUlgCtngC1pwC$pNCZqbDyrDD8sgEqsVEIsHFIskGIs_GqsFH8s2IBrwIXqMI0q0J5p0Jtn" /><g i="7" p="#^9OPq9O3sFN1taN_tlMDujLqv9KJv0J$vqH$v%1y$v%1ySe%_GSeSISeKJ_eDK5fuLAfnM3gPMTggNGhgNOigN4kAM1lULZlSKtm%SKEmhM_mdN2o9O6p9OPq^XH1kXH1jmHFiOGhiyFhi%kDhi%kDHl%EFHlLGHllHflXHPkXH1k^IIFqIIxp4I5psHEodGEo%kDEo%kDzs%jGzsrHzs3I2sIIxrIIFq" /><g i="8" p="%^AD$vay$vay$pAD$p" /><g i="9" p="#^tOiotO4qSNBrgN5t3MbuTKhveJTvBHtwbFtwFCswQA1w0zCvQx5v%Qx8q%ly8qMynqizHqRz_qIAkrwBErlCSraD3scE3s5F3s6GRr7HCrLH1rdIAqtI0qKIspKIvoKIInpI8n4IzmyHdmMGHlFFylzEplNDplwCplkBCl9AOlhz1m%Oy1m%Oyg9%RNg9%RNzd%bEzd%bElhEEjhgFihVFghgGghUHghhJBhGKWhKLCi1NsjLNSktOgmtOio" /><g i="10" p="#^_N$v%Zy$v%Zy1s%MD1s%MD0g%Zy0g%Zyjc0Ajc2Bac5C1cJCKbsDmbSDLagE7akEc9%iJc9%iJ1s%_N1s" /><g i="11" p="%^uONdPE$vty$vCIzdNxzdNxg9uOg9" /><g i="12" p="#^WOFpWO7rjOosJNEtzMzupLtvKJ$v3IwwVFwwDDwwUB_vaAsv4zzu_xFttxrsYwdrYwSpYwVn1yCm6zjl9Brk%9Blk9znjmy_hzxBgzxUezxEd6yycFyrbMzzaOAL9oCf9_DL8ZFL84IL8EJc9cLF9dMoafN8bONcclOfdlOuelO6gpNqhtMJixKCj%xKHjOMCkSN5mWOAnWOFp^QI9fQI$d3IjdiHCc_FCcKECcYDedbDSdbDNebDIfFDgg7EPg6FhhxFvh6GKhIGYhHHkihIyhyIQgQI5gQI9f^iJVpiJOoQIcomIBnOGSmmGEmwFkmHE$l2EJlsDjm_CcnwC4owC7pwCJqwDGrxECsbGCsDGCsbHtsMHjsdI0sIIFr$IbriJJqiJVp" /></glyphs></font><font id="70" name="TahomaBold"><glyphs><g i="0" p="%^NH5oGx5oGxRjNHRj" /><g i="1" p="" /><g i="2" p="#^tOiotO4qSNBrgN5t3MbuTKhveJTvBHtwbFtwFCswQA1w0zCvQx5v%Qx8q%ly8qMynqizHqRz_qIAkrwBErlCSraD3scE3s5F3s6GRr7HCrLH1rdIAqtI0qKIspKIvoKIInpI8n4IzmyHdmMGHlFFylzEplNDplwCplkBCl9AOlhz1m%Oy1m%Oyg9%RNg9%RNzd%bEzd%bElhEEjhgFihVFghgGghUHghhJBhGKWhKLCi1NsjLNSktOgmtOio" /><g i="3" p="#^IODkIOzndONpLN$rJMttGLYu0KJvmItwXFtwyDtwTBJvdAYuazrt7yYrFxMpbxznbxEkbxDhExuf6yldczPbgAiaXBz9DDP8XFP8oIP81KB9GLmaKMTbMNndeOAfIOMhIODk^_IDk_IpghIJeBH0dXF0djE0dCDJeVCpgVCFkVCPoCDyqjEgsXFgsAHgshIyq_IPo_IDk" /><g i="4" p="%^uONdPE$vty$vCIzdNxzdNxg9uOg9" /><g i="5" p="#^_N$v%Zy$v%Zy1s%MD1s%MD0g%Zy0g%Zyjc0Ajc2Bac5C1cJCKbsDmbSDLagE7akEc9%iJc9%iJ1s%_N1s" /><g i="6" p="#^_O$v%iy$v%iyhsqACq6C6pODCn4FgmJGwktHbjeISheIsgeITehH1elGadEEadNDad$CodeCCdrBXdFAie6AGezz1fhzcf%Rycf%RyfaPzO9RBj9UDQ8NFQ8QJQ8VLEa$Nrc$NIf$NIh2NEj6MAlVJNnxI8peHcqXFgrmFIr%_OIr" /></glyphs></font><font id="80" name="Tahoma Charset204"><glyphs><g i="0" p="#^aOg9%WFpspFCtLElu6E4vpDrvICQv0CYvlB3wFA3w2A3wdz1wpy$vay$v%ayat%oyatCyct4zftyzhtgAhtBAht2BftwBctUB0tlCOsKCss7D5srDjr%YD6q%_vg9%jzg9%uFEm%2Lg9" /><g i="1" p="%^HM4A0K4A0KYvNyYvNy4A6w4A6wytfxyt#HyarCzln#yAvjyAYe_KYe_KytHMyt^7Iyt7ImheDmh#2DalbCko#lBtr3Ayt" /><g i="2" p="%^xL$vHI$vHIhjFA$v3y$v3yYeVAYeVAsrRIYexLYe" /><g i="3" p="#^rLQqrL4sYK1tuK_tGJDuDIqvuHJvmG$vME$v%3y$v%3yYe%kEYecGYe3H3fXHafOIFfHJ8g6KYgyKLhyKTiyK5kTJ3lcJ1m5Izm%aIGmzJ0nvK5orL9prLQq^CHjjCHKipHjidHThLGEhcGlhwFihREehEDeh%VAeh%VAVl%cEVlfFVlHFPl8GIlGGolaH4loHzkCH2kCHjj^tIRqtI_pdIspZHWo6HwoAGfoZFcomF8ohE8o%VA8o%VAIt%oDItXEItNFAtEGstfH5tUHIsaIbstIFrtIRq" /><g i="4" p="%^wKthJEthJE$vSB$vSBth2wth2wYewKYe" /><g i="5" p="#^tFowoBow8z5uUwOrUwznUwpj3zXgfBteNEtenGteBHWePInfJJngDKlh7LMiDLakDLdm%DLMn%PzMnPzLqiBksOCUtrFUtoGUtiHGtcIstXI7tIJMseKrsNK6s7LQr%hLQr%hLYuOK9v2KsviJLvIIWvSH8waHgwvGowtFow^QIAlOIpkyIAjjIKiRH9ilHwhyGbhMFRgCERgtDRgFCbhSBxhcBbizASieAGjVzukPzAl" /><g i="6" p="#^gL$v%oI$v%oImh%xCmhvCDisCOjpCYkmCVlgCio2CWpQBxruBws9BwtLA5ulAFuRz6vjzzvJyOv7y0wnx0w8x0wLw$vnw$vdw$v%dwut%nwutuwutBwvtIwwtSwwtexwtAxqtXxjtcy0tZygsjzpqGzxoQzalUzWjXzdi_zvg1AYe%gLYe" /><g i="7" p="#^ZKJqZKYrtKZs_JZt7JBu7IlvZGGvQF$v1E$v%3y$v%3yYe%XAYe%XAAl%6EAl1GAl5HNl9I_lcJMm5KqnxKsoZKtpZKJq^0IMq0I_pLHppuHPoTGroeG3opF_nBEVn4DVn%XAVn%XAIt%0DItxEItnFAtdGrtQG4tsHHsKH8s0IBr0IMq" /><g i="8" p="%^xL$vFI$vFIjoXAjoXA$v3y$v3yYeXAYeXARlFIRlFIYexLYe" /><g i="9" p="#^5Mun5MNr0K7uXHtwuEtwXAtwUy2uSwDrSwunSwcjYyRg3BteuEteXHte0KQg5Mbj5Mun^7Jun7JakWHziJGYguEYgfCYg1BziQzakQzunQzHq1BlsfC$tuE$tIG$tVHns7JLq7Jun" /><g i="10" p="%^DDErlzEB7xEBPzEr" /><g i="11" p="" /><g i="12" p="#^UK$v%0I$v%0IlpGGNppF1q8EgqVCgqQBgqOA_pMzIp0z3pgyqoSxqnsxqmsx3l%sxYe%kAYe%kAAjkAIkqAnlwA1mWAFmgBbnZBunHCMnRDMnSEMn$FAn9Hnn0I5n%0IYe%UKYe" /><g i="13" p="#^JKJqJKYrdKZsJJZtTIBuSHlvJGGvAF$vND$v%3y$v%3yYe%XAYe%XAAl%RDAlMFAlQGNlUH_lYIMmQJqngKsoJKtpJKJq^LHMqLH_puHppdHPoCGroZF3o9F_nlEVnPCVn%XAVn%XAIt%LCIthEIt6FAtYFrtzG4tbHHstH8sLHBrLHMq^zP$v%IM$v%IMYe%zPYe" /><g i="14" p="#^mJhrmJJsKIIt6IHu7HhvcGRv$E6wPDowDCowYAowsz3wYxKvuw$u%uwRr%FwRrIxOsgzmtQAWtoCWt3DWtQDNtBEDt7FktQFUs7GpsqGWrqG3rqG8q4GBpLF1p8FMoyEuoPDqo4DlofClo%eAlo%eATl%NBTlmCTldDRl5EOlCEBlgFmlFFVk3Gsk3Goj3GDiJFaioFJhUEthnEbhMD5h9D$gAC$g8B$gOzphtyOhvxBi%jxBi%jxvfqy6fLzQe5BxerCxewDxeEEMeMF_eMGwfJH1gmIXg$IRh$I9j$IykcIBlqHEm7GZm%7G4nyHznsIAomJApmJhr" /><g i="15" p="#^BHOr%BH3nzG9n$EknrDunuCMnkB7oAARoRzzpRzSqRzksFA4tuBQt4DQtrEQtxFftDGFsBHOr^BHaueHruEGVu3GmvwFEvLE1w1EfwkDtw2Ctw$Atw2A3w6zGvoyYuIxfuhxdtTwbsTw2rTwhpDx2onyOm_z3mqBplnD9lkFVkBHNk%BHekBHdjhHCi_G_hqGFhTFih4FbhiE3hsD3htC3h7BnhNzGhryei%gyei%gyjf3z4fxAPe0CxetDxedFxeqGPeEH4fBIOfxJvg_JDhrKKirKkk%rK$v%BH$v" /><g i="16" p="#^mM0nmMhrkKPtiIkwaFkwVDkwWC1wYBLvXA8v%XAhC%3yhC%3yYe%XAYe%XAKg$BMfiD7fCEte9Gte4JteJKOgmM6jmM0n^pJlnpJqktIPiyHchsFcheEch5DLhYBiiXA8j%XAOs3CmtSCztGDLtIELtXGLtaI7spJuqpJln" /><g i="17" p="#^REnw5DnwDBRv9Aiv6zbu2y5ttxqrUwLpUwvnUwfluxDj5y_h6zTg6ALfCB9f7DyeREyefGyeyHYeSIlfTJSf%TJ4j%IJ4jpJQiWIvirI9iLHOh9HvhlGghyF1hOE1hzC1hdBJiTzpkTzvnTzwqaBcsuCUtOEUtcGUttHjtKIKsIJPr%TJPr%TJ1vsJevPIwvaIOvFHXvWG8wlGfwMFnwREnw" /><g i="18" p="#^pK$v%yH$v%yHep%IEep%Fz$v%jw$v%OBZoGzloHy6nIxTlIxOjIxxifyAhPyDgMzZfxAsfHBcfRCYehEYe%pKYe^yHZm%yHeh%rEehrDehSClhiCshMBLhcB5iWAGiEAejEAUjEAKkQAgl1BNlxBem3CHmQCQmCDZmwEZm" /><g i="19" p="#^Ew5s%Pw5s9xnsExHs8y$sPyhtyzAtdALtUAWtSBWt3EWtoFrsJGYqWG9o%az9o%azRl%VGRlDGqjiFdi_D0h1C0haB0hqAchGzohZyIhoy_hXxjiuxDi4xZi%UwZi%UwPfIxtfaz0fEAyeZByeIDye7F4fzGBfCHFgFILhcJkjMJUkMJ7nMJprAHUtoFnwGBnwhAnwYy0wExFvEwev" /><g i="20" p="%^TN$v1L$v1LBiYGirPEirLABiLA$v3y$v3yYexBYe0GpolKYeTNYe" /><g i="21" p="%^xC$vUy$vUyErxCEr" /><g i="22" p="#^aHpwYEpw4DFvcBVuSzqtvyYrLxLp$wxn$wFk$wOhJxHfsyzdRz_bcBta3DG9WES8dHS8nIS8mJ19mKc9dLs9YLH9JM1avNnaeONa%eOqe%$NqeBN3eZMydlM1dsLwcAK2cyJLbxIrbbHrbLFrbsE1c9DDcaCNdcBYeGAIg8Asi8AFk8A_mIAGogBmqfCwrbDFstEetMFOtbHOtvIOtCJutKK9tCLGsrMbs2NIrFNcr0ORq%eORq%eOsuvNOuQM7vaMrvdLLveK3wnJewxIpwaHpw" /><g i="23" p="#^NL$v%dI$v%nC8o%XA8o%XA$v%3y$v%3yYe%XAYe%XAmm2ClmQCVlDDslaE9klEMjyEgjLEMiTEniyFvgKGKfWHYeQJYe%CKYe%CKqh%YJqhLIqh8IWhyHpi7HJjIG2l7GOlyFxmREWm" /><g i="24" p="#^9Kth8LtiHL1kfMAlfMCnfMApCLfr_KWsWJ3uQIgvuHTv9GtwAEtw_CtwEBVvjAlvmzbubyKsBxzq0xno0x9l0x0k6xRidxFhyx$fSxxenyhdUy0cKz9bPA0azCl9jEG8bHq8dIk8nJf8yK989L68%9LLamKOasJTazIXapH1bSF9bbEAbwC_bFBTc0BxdDALefAZf5AthdBFgwC6gPDyfiFyfHGyfXH0gbJtg9Kth^kJNnkJ3l6IDjUGaiDEaioDaieCAi4B_i2AGj0A3k_zBkYz6lYzylYzbonASpPAwrABtsgCkt1DFtOD_tHE_tUG_t6IkskJFqkJNn" /><g i="25" p="#^WSunWSMrSQ7uOOtwoLtw2Itw4Ggu7E3sXDeo%XAeo%XA$v%3y$v%3yYe%XAYe%XAUl%$DUlmEpikGrgiIteoLteZOteXQWgWSmjWSun^ZPunZPdkMOBiANYgoLYgaJYgZHCiNGfkNGunNGHq_HlsbJ$toL$tAN$tMOosZPNqZPun" /><g i="26" p="#^MS$v%iP$v%XJ9o%QI9o%QI$v%_F$v%_F9o%TE9o%qz$v%6w$v%xC3nOBGmcBWlDA9laAJjMzqibzWhDyqhlxqh%Hwqh%HwYe%txYelzYezAJfNBtgtCniBCNiOCij0DOj9D9kGDjllEQl0Flm_Fpm%_FYe%QIYe%QIpmOJkmuKPlbLilGL9kRLMj2MgjgMMinMni2NvgeOKfrPYelRYe%7SYe%7Sqh%tRqhfQqhEPWh2PpiEOJjdO2lDNPl2NAmlMZm" /><g i="27" p="%^OO$vML$vMLYbjBYbjB$viy$viyg9OOg9" /><g i="28" p="%^xL$vFI$vFIqhXAqhXA$v3y$v3yYexLYe" /><g i="29" p="%^tLYeiChCezhChCav4wYebzYeQDzrtIYe" /><g i="30" p="%^eS$v3y$v3yYeXAYeXAztJGztJGYeBJYeBJztnPztnPYeeSYe" /><g i="31" p="%^CD$vCDYb_vYb_vg9fOg9fOYbDGYbDG$v" /><g i="32" p="%^6N4ArK4ArK$v3y$v3yYeXAYeXAwtyIwtyIYeqLYeqLwt6Nwt" /><g i="33" p="%^ZFrnmxrnmxGkZFGk" /><g i="34" p="%^VIthXAthXA$v3y$v3yYeVIYe" /><g i="35" p="#^xL$v%HI$v%HIhj%FA$v%3y$v%3yYe%VAYe%VAsr%RIYe%xLYe^fK17fKl8WJq9CJva0JdbkI1csHrcAGRcdFRcZDRc1Dqc5C$bsBdbQAtavAp9bAk8bA17%FC17FC59iD$9XDVadFVarGVa5H0aMH79MH17" /><g i="36" p="%^MR$vLO$vLOqcQIKp$GKp7Bqc7B$viy$viyg9qCg95IWlANg9MRg9" /><g i="37" p="%^XT4AgR4AgR$v3y$v3yYeXAYeXAztJGztJGYeBJYeBJztnPztnPYeeSYeeSztXTzt" /><g i="38" p="#^VJCeVJ6gpJhhWIri5IkjgHdkdGZkaFIl0Epm%0EUp%hBUp%hBel8CJkhD$jqEgj3FDiTFShkGXgOG0gOGReOG6dIFgcDEqbUCqbmBqb$zXbFyscQx$c%Fx$c%FxT9Gyt9eA89OBP8aDP8jGP86IpaVJ$bVJCe^gE$v%9B$v%9BMs%gEMs" /><g i="39" p="#^EM7gEMCh6MXiBLfkFKaluJkmUHXmjGxnTDxn%jBxn%jB$v%iy$v%iyg9%$Dg90Gg9rHC9SIX9XJHacLzbWLVcEMeeEM7g^vJcgvJ1f5J9eHIhdSHKc8HgcbG3ceFSbPDSb%jBSb%jBXk%nDXkcFXkkGEktHlkdIBjUIVibJ5ivJhhvJcg" /><g i="40" p="%^Rv$vvDg9dHg9TO$vHL$vEJEpYAEpUy$v^OI3nhFmcOB3n" /><g i="41" p="%^OO$vML$vMLTkjBTkjB$viy$viyg9jBg9jBbiMLbiMLg9OOg9" /><g i="42" p="%^UCg9tCKpWzKptzg9^KC$vDz$vDzMsKCMs" /><g i="43" p="#^IN0pINJq3N0sqMjtlL8u3K9vBIAv7H$vPE$v%iy$v%iyg9%kEg9LGg9YHr9aJB9iKbawLRa4MVbEMZcEMpeEM$fOLghYKxisJfj%sJnjuLWjBMolINRmIN0p^vJQevJ$ddJpdYIOclIscCH1cIGXbOFRbdERb%jBRb%jBvi%LEviaGviRGmiwHdieILhWIjhcJBgvJTfvJQe^zK8pzKSnbK1nQJcmJICl$Hel9H7ljG0lLE0l%jB0l%jBpt%NDptMFptVGet2I2tWIssMJSr9K6rzKlqzK8p" /><g i="44" p="%^_Af8kA4hfy4hBxf8" /><g i="45" p="%^lDhjIzhjIzYelDYe^lD$vIz$vIzErlDEr" /><g i="46" p="%^jL$vNH$vFDypoz$v8w$v3CxncwYeKzYeQDkl2IYejLYeqFln" /><g i="47" p="#^NS0nNSipdS2rGRNsMQWtQP3vFOFvuNewcMeweLewvKTvNJvvhJfv%hJhC%rGhC%rGfvyFJv$E_vtEewfDewoAewFyVtXwArXwxnXwoluxJj1y1i$ySgUzMf2BafdCzetDzeoEze6FTeQFbfrGBf%rGf8%hJf8%hJBfYJafPKTeHLzeCMzeuPze7RSgNS9jNS0n^RPlnRPqkSOKiTN1hYL1h9L1hyKfhYJshhJHh%hJ3tYJotnKBtOKNtCLNtANNtIO9sRPwqRPln^rG3t%rGHhUFrhlFehOE1h7E1haC1h1BAiUz7kUzonUzmqVA4sXBNtSDNtDENteFztRFktrG3t" /><g i="48" p="#^TO$v%RL$v%RLYb%bEYb8EHd3Ekf_DZgXDgiPDulyDBnhDHpSC5rsCvsUBmtkBcuGANu_zpvczJvqy1wnx1w3x1wKw0wpw$vdw$v%dw3t%rw3tBw4tHw5tOw6t0x6tzx6t1yXswyMsRyqsUzprmAOoRAam2BKh7BfgbBOdgBkbkBg9%TOg9" /><g i="49" p="%^DO$vDL$vDLYdlB$viy$viyg9iBg9iB0rrLg9DOg9" /><g i="50" p="%^LQ8BTN8BTNXv8zXv8z8Bgw8Bgwjtvxjt#uz3qHAOk#VBwfVBg9BOg9BOjtLQjt^ALjtALUbLEUb#xEphnDUl#dCnqqAjt" /><g i="51" p="#^zN$v%xK$v%xKnmGI_mdHinMFBnbEBnJCBnvBenhATmlz5mryilWx2kpxOipx4h%pxg9%rAg9%rAAfrA0hxARhEAGi9BrjBB6ksCtkkDQkNEQk4GQkIHxklJekxKNj%xKg9%zNg9" /><g i="52" p="#^5P$v%fL$v%dDAl%jBAl%jB$v%iy$v%iyg9%jBg9%jBwj6Dsj8ECibFMhRFcg7GwflGVezGheIGRdDHeb1JfasKg9ZMg9%VNg9%VNZb%8NZbhLZbxKIcNJqd9JrfxIshLHoi_GkjTF2k" /><g i="53" p="#^2K1lPKHliLGmOLFnOLdpOLLqbL3sAKmtwJkupIlvNGTvaFpwbDpw4Bpwiz_vxxzvtw6v%twJr%GwJrVxxsEz9toBMt9DMtgEMtmFtttGatdHvsZHQrjI2rGIfqGI3pGIVnfI6nQHjm3HQlkGllhF8leEWk2DWk%FAWk%FAoi%KCoi8FoiCGrh4Itg4IDe4INdJHbdmHAcIGcc_FObcFFbqEvbtDvbwCvbzBJbCAXbNzgc_yAcoyXcOxhdpxwd%dxwd%dxaafyH91Ah9QBS8zDS8jFS8AG99RHs9VI7a2KTaCKUbbLVcbLjebL9gYJxhKIViLGkj%LGzjwHHjpI2kiJok2K1l" /><g i="54" p="%^MLYbjBYbjB$viy$viyg9MLg9" /><g i="55" p="#^OM$v%MJ$v%MJYm%lGYm%yz$v%Wv$v%cDvmWAJlFz5kpytipyKfpy$d7zKcSztb2BEa7CT9ADA91Fg9NGg9%OMg9^MJrk%MJSb%DGSbjFSbwE1cKDcc4DEcnC6dZBZdABQeABRfAB3hSBTh8CHiMCjjsD_jrEdkrFrkLGrk" /><g i="56" p="#^mOTbFPndnQBf5ROh5REk5RpnoQEpHPSrmOntZMYu6LJvgJtw2HtwKEtwUCHv2BVuJzntpySrIxFp$wrn$wEk$wMhIxCfqyrdKzTb2BnaUCB9LEO82HO8mJO8dLC94NqamOTb^YNEkYNnisNEgZMVe5MMdbLAcVJ$bEIpb3HpbpFpbaE_bYCyc$BMd6BWeDAGg8Aqi8AEk8A6p0CurUDSt3HStdKSt4MurYN6pYNEk" /><g i="57" p="#^nSoknSwmKR8o5RMpYPTqJO5sVMMs6LqtbJtt%bJew%bGew%bGtthEpttCNsGA9spzVqgyOpDx9o$wvm$wok$wpiCxQgdyffjz6evAUcgCbc1EtbbGqb%bGV8%bJV8%bJqblLtb7NbcVOUc5Q5ebRdfNROgnSminSok^ePhkePMiOOxhnOhgyNpfLMAeHLbeDKNdbJMd%bJbrzK9rELKqJMjqqNCplOIoNOoneP4mePhk^bGbr%bGMdKEMdGDbeDCBeRBpf$AggzAxh8AOi8Ahk8A4mAApn1BJoYBCpFChqKDKqPEarbGbr" /><g i="58" p="%^iy$viyg9vMg9vMYbjBYbjBbiKLbiKLTkjBTkjBjtvMjtvM$v" /></glyphs></font><font id="90" name="Tahoma"><glyphs><g i="0" p="%^ZFrnmxrnmxGkZFGk" /></glyphs></font></bwFonts>