﻿<?xml version="1.0" encoding="utf-8"?><bwFonts xmlns:xsi="http://www.w3.org/2001/XMLSchema-instance" xmlns:xsd="http://www.w3.org/2001/XMLSchema"><font id="00" name="Microsoft Sans SerifBold Charset204"><glyphs><g i="0" p="%^iQ$vLM$vLMGlZBGlZB$vsy$vsys9ZBs9ZBsiLMsiLMs9iQs9" /><g i="1" p="#^7FmwvBmwhz4u3xOr3xMn3xLjczshmB9fPE9flI9fsKqhAMHjAMMn%AMKo%DAKoOA2r2CisiDyt7FytwGytBHSsHIasLIEq%hMEqXLztXJZuYHmw7Fmw^_IVlFI3kxH0jqGYhPEYhfDYh7C0j$A3kHAVl" /><g i="2" p="#^PE9flI9fsKqhAMHjAMMnAMQrsK5ulImwPEmwiBmwaz5u3xPr3xMn3xGjazqhiB9fPE9f^PEytHGytSH6s1JGq1JMn1JQkSHojHGYhPEYhYCYhMBojBAQkBAMnBAGqMB6sXCytPEyt" /><g i="3" p="#^mAsiAA9h3ClgzDwf9FwfDIwfMKMhWM$jWMXnWMSrNK6uEImw9FmwpxmwpxNlpxwfwzucDBs9VGs9DIs9YIj9iJa9iJt8%KMt8KMqahMcbRLZbDKmcqJLcJGLcHCLcwBIemAEgmAsi^9FytZGytaI9snJLqnJXnnJ8laIKjZGki9FkilDki8CKjXA7lXAXnXALq8C9slDyt9Fyt" /><g i="4" p="%^KL$vKH$vZDOpbA$vcw$v3CrnGwwfFAwfZD3lgHwfgLwfSFqn" /><g i="5" p="%^RLbt8Obt8OfAIKfAIK$vrz$vrzfA$vfA$vbtyxbt#aAtpaAAgaAwfRLwf^oIkiBDki#hDPpbBbtoIbt" /><g i="6" p="%^4y$v4ywfxBwfxBAr8IwfGLwfGL$vdI$vdIWjCB$v" /><g i="7" p="%^4y$v4ywfICwfeHSrNLwfpQwfpQ$vZM$vZMzjJI$vMF$vxBzjxB$v" /><g i="8" p="%^ywkiywwf5Kwf5Kki2Fki2F$vCB$vCBki" /><g i="9" p="#^PF$v%4y$v%4ywf%PEwf$Kwf$K0k$KJmXIonIL3oILfrILpt5KIuvI$vPF$v^xBki%xBam%yEamdGamTGKlyHhlyHfkyHgjRGOi9GkilEki^xBZo%xBbt%VEbt9Ibt9I5r9IZoGEZo" /><g i="10" p="#^xBIl%MEIl_HIlQJ5nGLtoGLRqGLetQJDu$H$vME$v%4y$v%4ywf%xBwf^xBbt%EEbt7Ibt7IRq7IwoEEwo%xBwo" /><g i="11" p="%^4y$v4ywfxBwfxB5m7I5m7IwfzLwfzL$v7I$v7IWoxBWoxB$v" /><g i="12" p="#^7Iqr%7Iio%wGioHAioHAkrHApstB_sgCytIDyt0FyteGYstHms7Iqr^7ImupGmwUCmwoAmwMy0v9xFt9xur9xCl3HCl%7ICl7IgkYHzjOHSi3HpilGYhEEYh9BYh2BFk%DxFkYx9fNE9fXH9fLJrgzLJhzLql%zL$v%7I$v" /><g i="13" p="%^4y$v4ywfzLwfzL$v7I$v7IkixBkixB$v" /><g i="14" p="#^xBphXC9fLF9f0J9fOKthAMMjAMDnAMErAK$tBImwyFmwRCmwxBMu%xB5C%4y5C%4ywf%xBwf^xBPr9DytnFyt1Hyt1I5s1JDq1JDn1JOk4Inj8HYhuFYhjDYhxBtk" /><g i="15" p="#^PEmwiBmwaz5u3xPr3xMn3xGjazqhiB9fPE9fxH9fmJygcLWhxLTk%0ITkYHjj1HEi7GYhPEYhYCYhMBojBAQkBAMnBAGqMB6sXCytPEyt7Gyt1HTsYHbs0IEq%xLEqcLBtmJ_uxHmwPEmw" /><g i="16" p="%^PL$vZH$v$CfoxB_pxB$v4y$v4ywfxBwfxBhmbHwfcLwfbF6m" /><g i="17" p="#^4y$v%4ywf%xBwf%xBAr%8Iwf%GLwf%GL$v%dI$v%dIWj%CB$v^BJf9pJzb6IFcPGLdRELdSCLdzBFchAyb7Af9%xCf9UCibREibMGibbHf9" /><g i="18" p="#^tPjptPysgNhu4L$vZG$v%sy$v%sys9%zGs99Ks9gM1boOBcoOlfoOIidLYjeNjklOSltPontPjp^ZBEi%xGEiSIEiTJYhVKfhVKCfVK8eVJpdVIFcgGFc%ZBFc^ZBNs%XGNsRLNsRLjpRLwnKKHmDJRlzGRl%ZBRl" /><g i="19" p="#^vDwf%8Lwf%8L$v%HH$v%HHOp%uFOprEOpKDmq1DWqlCls%yA$v%Nw$v%2zrr4AspJBcpuxxouxrkux9i5zRgIAwfvDwf^HH_m%HHki%XDki1Bki1Byk1B_mIE_m" /><g i="20" p="#^izwf%1Mwf%1M$v%BI$v%BIki%LCki%LCiqLCQtAB_uqA8wmy8w9x8w8wXv%8w6tixkt1yktLykt0zOsizfsizmq" /><g i="21" p="%^fS$vqO$vTIfpTI$vrF$vrFfpTz$v2w$vLDknCwwfsAwfrFulrFwfTIwfTIulRNwfIRwfzKkn" /></glyphs></font><font id="10" name="ArticulateBold Charset1"><glyphs><g i="0" p="" /><g i="1" p="%^9y$v9yDrxCDrxC$v" /><g i="2" p="%^9y$v9yDrxCDrxC$v^9yhk9yVfxCVfxChk" /></glyphs></font><font id="20" name="Microsoft Sans Serif Charset204"><glyphs><g i="0" p="#^bIe9UMe9TPqcSSBfSSPkSS1qTPctUMnwbInwtDnwsActsx0qsxPksxBfsAqctDe9bIe9^9IRtwLRtFNtrOP4pOPPkOPxgFN9exLNbdINbRENbHC9exAxgxAPkxA3pGCsrQERt9IRt" /><g i="1" p="%^NQ$vTM$vXERksBeosB$vvy$vvyD9sBD9sBJkmMD9mQD9$GPi" /><g i="2" p="%^3Q$v4N$v4NhcsBhcsB$vvy$vvyD93QD9" /><g i="3" p="#^$AKhWCrfDFrfOIrfxKHhhMXjhMMnhMLrkK3unInwqFnwOCnw$AKu%$AdC%6ydC%6yOf%$AOf^$A8sRC6ueF6u5H6ubIwsiJWqiJMniJNkfIejdHGhmFGhZCGh$Ask" /><g i="4" p="#^GErf8IrfcKFhhMSjhMVnhMXrcK9u8InwGEnwdBnw9z9u5xXr5xVn5xSj9zFhdBrfGErf^GE6uJG6u$HysiJ_qiJVniJPk$HfjJGGhGEGhCCGhkBfj2APk2AVn2A_qkBysCC6uGE6u" /><g i="5" p="#^GEnwdBnw9z9u5xXr5xVn5xSj9zFhdBrfGErfkHrf6JNgUK7icLFk%fIFkbIcj9Hri7GGhGEGhCCGhkBfj2APk2AVn2A_qkBysCC6uGE6u7G6u9HmtbIBsfI9r%cL9rUKHt6J1vkHnwGEnw" /><g i="6" p="%^6y$v6yOfjCOf8Hos$LOfbQOfbQ$vjN$vjNjjqI$vSF$v$Ajj$A$v" /><g i="7" p="%^zw3izwOfKJOfKJ3iAE3iAE$vJB$vJB3i" /><g i="8" p="#^$EnwqBnwfz8u5xVr5xVn5xXjbzHhhBrfGErf8IrfcKFhhMSjhMVn%hMBo%4ABogAprDBMs$C6u$E6uvG6uJHltXIAs$I9r%ZL9rDLFtHJ0vMHnw$Enw^eJkmUI$jFHRirGGhGEGhYCGhJBQiuA_j8Akm" /><g i="9" p="#^$A7m%CE7mOH7mzJsnlLNolL2rlLltzJGuOH$vCE$v%6y$v%6yOf%$AOf^$ALt%uELtnILtnI2rnImouEmo%$Amo" /><g i="10" p="" /><g i="11" p="#^HF$v%6y$v%6yOf%GEOfFKOfFK5kFKEmyIAnnLronLsrnLwtRJMukI$vHF$v^$A3i%$ABm%pEBmcGBm_G4mMHylMHkkMH9jYGCi8G3ibE3i^$AQo%$ALt%MELtoILtoIjroIQowEQo" /><g i="12" p="%^$A7mCE7m#OH7mzJsn#lLNolL2r#lLltzJGu#OH$vCE$v6y$v6yOf$AOf^$ALtuELt#nILtnI2r#nImouEmo$Amo^iQ$vpN$vpNOfiQOf" /><g i="13" p="%^6y$v6yOf$AOf$A6sfIOflLOflL$vsI$vsIGjcB$v" /><g i="14" p="%^6y$v6yOfeLOfeL$vnI$vnI3i$A3i$A$v" /><g i="15" p="#^nIKr%nI9o%pG9o8A9o8Ayr8ANs2BstZB6uxD6uYE6uhGttCHQsnIKr^nIkuaGnwICnwiAnwKy4vbxMtbxIrbx1mZG1m%nI1mnIhkbIvj$HJi9HcikGGhuEGhEAGhxAqk%FxqkZxrfEErfLHrfuJGgeLVheLxl%eL$v%nI$v" /><g i="16" p="#^mzOf%ILOf%IL$v%RI$v%RI3i%fC3i%fCvqfCZt8B3v2A8w4y8wVw8w8w$v%8wGtZwVtLxVtHyVt0zetmzzsmzzq" /><g i="17" p="%^6y$v6yOf$AOf$AwmnIwmnIOfeLOfeL$vnI$vnINo$ANo$A$v" /><g i="18" p="%^3Q$v4N$v4NtlsBtlsB$vvy$vvyD9sBD9sBPi4NPi4ND93QD9" /></glyphs></font><font id="30" name="Times New RomanBold Charset204"><glyphs><g i="0" p="#^UJ0lRMIl1OHmKP4oKPhqKPDsSN8uzL$v9H$v%Fw$v%Fwqv4yqvBy9v6zUujztuwz2uwzms%wzXewzfdjzQc6zocAy7c3ySbFwSb%Fwib%zGib7KibBLXb4NzcXNQdOO4fOOvgOO$hINajDMkkUJ0l^lECkvGCkxH7kzIDj6JLiGJShGJugGJ6f7JeeAImdzHVczGsclEtc^lEOl%lErs%kEctkE1uKEsu9FSu_FSucHSueIkugJNtPJLsmKJrmKrqmK$oHJSn0JImRHfmGGNllEOl" /><g i="1" p="#^vEuc%vEWk%WEWkUGWkMHHjFIriVI1g%uJ1g%uJSq%VISqJI5p7IZnyHRmMGsm_F3mvE3m%vEUrvEBtEEZtOElubFBuBFRutGRu%JHRuCKRumMvt6O9sTOqp%rPqp%vO$v%Dw$v%Dwqv%ixqvcyqvLy6v9zUumznuxz0uxzss%xzRexzrdsz6dizAcUyicjySbixSb%DwSb%Dwib%XNib%XNqh%mNqhWMaf6McejLddRJMc$IucEGuc" /><g i="2" p="#^rEDm%rEmsrE2uEEuuREVumFavUFqviHqv%iH$v%Nw$v%NwqvdyqvKy9vfzUusztuFz2uFzms%FzXeFzfdszQcfzocJy7ccySbNwSb%Nwib%OFibgKibcMUc8Ote8OSg8OTiTMjkDLKlrJfmYHDmrEDm^rEuc%rErlXEtlbFtl3Htl3Imk3Jfj3JXg3JDe3Izd3Huc3Fuc" /><g i="3" p="#^3I0b$MPa5QUdbTZgbTAlbTvpTQvsQNtwgItwGCtwDzHsdxHpdxAldx_glAVdtDPa3I0b^fI_bpF_bWDUeJCghJCJlJC0rAEytTFkvdIkvNJkvRKzubMAtWMrrGNipGNRlGNKhVMIf9MGdZKQcNJ_bfI_b" /><g i="4" p="#^aKzm%aKmsaK2uYJuuLJVueJavJIqviHqv%iH$v%UR$v%URqvsQqvXP9vrPUudPtu0P2u0Pms%0PXe0PfddPQcrPocYP7ctQSbURSb%URib%hIibwEibNCQb2BlcXzKdRy7fRy0hRyhjvAOkyBKlrDdm%tydtuxAu4xVuswnvDvqv%Dv$v%8C$v%PIzm^aKqc%aKul%iJulaHul7G5l4FIktEHjSDGiSD1hSDGeZEyd4GqcxIqc" /><g i="5" p="#^IPib%IPVg%9PVgGOZe4O7euNgdrMMcSLucpKuc%TIuc%TIssTI2u2JrudJQuKJ7vfKqv7Lqv%PLqv%PL$v%_A$v%_Aqv%GBqvzCqv7D6vwDUuLDnuVD0uVDss%VDuc%qCuckAucnznd2yCeIxVg%7xVg%7xib" /><g i="6" p="#^xE2m%xEssxE2uIEruUEQuoF7vVFqvNGqv%tHqv%tH$v%Fw$v%Fwqv%kxqveyqvNy6vbzUuoznuzz0uzzss%zzRezzfdozSceztcJyaccySbkxSb%FwSb%Fwib%tHib%tHSb%NGSbTFSbkFbcXEpcIEWcxEhdxERe%xEIk%RLIk%RLReRLfdGLScwLtc_KactKSbCJSb%XISb%XIib%KTib%KTSb%3TSb8SSbCRbcdRpc_QWcQQhdQQRe%QQssQQ2u_Qru9RQuGR7vbSqv3Tqv%KTqv%KT$v%XI$v%XIqv%CJqvwKqv2L6vsLUuGLnuRL0uRLss%RL2m" /><g i="7" p="#^RQPa%RQ$h%fQ$hAPbfLNIdWLccCJccGHcc2GjdrEqeHDegJCxiJCmlJC8oqDqq7EIsCFTt6H1vvJ1vsL1v4NbuIOktvQer%vQ0tMOQuTMFv_KtwtItw9FtwAC8v0APtDykrexQoex1mex3jNyqgkAMdYCicBFPayIPaKKPa9NNbzOkcXOkcrPkcOPZb9QCbfQPa" /><g i="8" p="#^uEIk%dHIkELIkENgmEPPnEPpqEPasDOstCNKu4MnvyK$vCH$v%ww$v%wwqvryovZyWuwzruwzPs%wz3fwzTc3zocCyUbGwSb%Gwib%kHib%kHSbSFTbnF8cVEpcHENcuE9duEGe^uE2m%uEhsuEMtUEnujFZuqGZudIZu7JMt1Kzs1KMq1K0pcJRnnIFmmHmmmG2muE2m" /><g i="9" p="#^$I6q%HB6q%PA6soA7toANtoAFu5B3vvBjv7Dqv%7D$v%ew$v%ewqvlxgv3ywuNyLtRzor%eHTa%xHTa%_ORr3QfuLQTugRlvcSqv%cS$v%cI$v%cIqv%CIqvPJqvjK5vDKRuDKouDK6uyKQtwKHt5KHs^tIZo%oFRh%dCZo" /><g i="10" p="#^oSSbJQSbdQpcKPXcKPoe%KPMsKPqudQVuJQovtSqv%tS$v%1I$v%1IqvhJqvOJdvjK$uxKxuMK3uMKSs%MKEc%NFEc%NFQiNFImBFKopFMqyEBsHDpukCkvZAewjzewQxew$wsvawGuawvtawysGwXrbxjr7yjrUzjr3Aut8AtuQAtuOBtuTCbtYDUriEEpFEnnFE4j%FEafFEwdsEZcfEpcFD9c4DUbzBSb%zBib%oSib" /><g i="11" p="#^OLJeNL2doLsc$KSbsJSb%MISb%MIib%STib%STSb%8TSbIRSbeRqcNQZcNQQe%NQrsNQlufRUuJRqv8Tqv%STqv%ST$v%MI$v%MIqv%sJqvVKqvlLSuOLhuOLrs%OLch%vEFsvE7uSENueFqvSGqv%AHqv%AH$v%uw$v%uwqv%axqvCyqv3zSuxzhuxzrs%xzQexzZc9zqcOySbaxSb%uwSb%uwib%AHib%AHSb%SGSbsFSbZEtcvE4dvEQe%vE9q" /><g i="12" p="#^jIib%gSib%gSSbgQSbQPgcoPGcoPde%oPPsoP_txPruGPTu9Q8vEQpvARpvLRpvgSqv%gS$v%wH$v%wHqvWIovqJdvXJ1vaKzuqK4uqK8t%qKsmOGkoSDkofCko6BPnZzhnuzim0zjl0zqj%0zAe0zRcpymcOxSbawSb%awib%7Gib%7GSb6FSbyEhc_DIc_D1e%_DBj_Dxk8E0liEulUESluFemqGemmIemqK9l%qKOeqKqdiKXcaKscIJ9cfJSbjISb" /><g i="13" p="#^Dxbh%DxPa%byPamyWb1zWbkzWb5ADb7CPaZDPa8HPaTIocCKZdCK0gCK_gaKZhKJYiIILjHHykpF8lJIHl3KgnpLRopLGqpLesuKDtzJ$uPHKv3GtwoDtwPAtwjzMvPx3vDwst%gxPsnz6vJB6vED6vKETtRFDsRFDqRF5p8F_nsESmsDvmtC8mwA5m%wALk2BMkoBMkxDMkqEAjjFoijF7gjFYdoE0dtD4ceC4cyA4cuzqdqyLeiybh" /><g i="14" p="#^Dw$v%Dwqv%axqvJyqv6zQuwzduwzrs%wzQewz_c3zqcDySbhxSb%DwSb%Dwib%rHib%rHSb%1HSbxFSb$EmcuERcuEQe%uEBsuE7uJEouYEFuwGFu%AJFuhLFuxLquOLbuOLGs%OLQeOL_cnLqcYKSbAJSb%VISb%VIib%rTib%rTSb%0TSbLRSbgRmcNQRcNQQe%NQrsNQkudRTuGRqv0Tqv%rTqv%rT1C%SS1CIR$v1M$v" /></glyphs></font><font id="40" name="ArialBold Charset204"><glyphs><g i="0" p="#^gy$v%gyD9%wFD9EJD9UKY9PMta6O9cpPQdpPvgpPziFOZjVNnlLMamCLZmpKenOIynKFyn%NCyn%NC$v^NCpd%NCLj%fFLjWHLjPIpjJJ2jeKjiLKzhLKzgLKlf1KzejJMddIzdpHpdZEpd" /><g i="1" p="%^gy$vgyD9SOD9SOpdNCpdNCmi0Omi0O8mNC8mNCdshPdshP$v" /><g i="2" p="#^sBJf%3xIeuye97Fe93Je93LZa4NIc4N2f4NEg9MXhfLdjqJckELYkLMmmTNLnTNOpTNKsJLzuzJnwfFnwLBnwJzdvHx2uFwQq%OAuprBurvC5szDHs6FHsfHHsdIMrcJQqcJEpcJgo5Irn$GBmMEBm%LDBm%LDdj%gEdjlGdjrHiixImhxIPfxIBeEHMdLGWc5FWcfCWcsBJf" /><g i="3" p="#^$vD9%2BD9%gGel%JKD9%rPD9%THDqEGotmFQu4Egw2Cgw2AgwVy$v%VyFsUzJsFAJseCJsVC8sBDzrdEGp" /><g i="4" p="#^TzD9%xPD9%xP$v%0L$v%0Lpd%iEpd%iEYmiE3r0EHsLDjuHCdvDB7wmz7wAy7wuw_v%uwus%uxvsVyvsoz7sUzKrUzeq%Tzom" /><g i="5" p="#^myD9%TCD9%TCzi%WIzibNzi5Pzk0Rzm0Rmp0RErSPftIORucNqvJL$vWI$v%my$v^TCes%gHespJesdK1s2LQrHL5rlMmqlMiplMLneL1n8KjmtHjm%TCjm" /><g i="6" p="%^iD$viDpdFwpdFwD9rOD9rOpdPHpdPH$v" /><g i="7" p="%^rS$vxN$vALVqDCVqNA$v$v$vIED9uJD9^7K8n2HRe0E8n" /><g i="8" p="%^oyD9VCD9VCziYIzi#kLzi2Ndj#MOSjVPxl#2Rbn2Rnp#2RErSPht#GOWucNtv#LL$vYI$voy$v^VCesjHes#qJesfK1s#4LQrJL5r#nMmqnMjp#nMPnjL3n#gKjmvHjmVCjm^FTD9aYD9aY$vFT$v" /><g i="9" p="" /><g i="10" p="%^hy$vhyD9OCD9OCqiELqiELD9aQD9aQ$vEL$vELdmOCdmOC$v" /><g i="11" p="#^3AD9%xPD9%xPes%uRes%uRTA%KNTA%KN$v%Fz$v%FzTA%VvTA%Vves%OxesbznpDzAl3ANh3A_b^nEndnEznwCes%0Les%0Lnd" /><g i="12" p="#^lxXklxxhnycf8zvdsA8cNBNalD7arFe9aIe96Ne94Qjc2Tnf2TRk2Tfq5Qjt9NnweInweDnwhAktlxhqlxXk^$BOk$BBoLDzqwFwsdIwsWKwsEMAqnODonOKknOUgHM$e$K6ddI6dqF6dID1f$BXg$BOk" /><g i="13" p="#^AMMn%YQ9pYPPsCNBugLnwGHnwcDnwkAkttxhqtx$ktxqflAkceDe9XHe92Me9COGb8Q6dUQNf%qMSg1M6fMK6ewJ6dJH6ddF6dGDUe7CGg7CGk7CVoEDJqaFwsDHwsqJwsJKnr0MdqAMMn" /><g i="14" p="#^hyD9%dHD9TJD9aLR9uM3avNMaxOtbdPEcWPOdWPffWPQg4P8ieOsjNM6kQOIkWP8m0Rzn0Rvp0R1riQusBPWtmONu8NEvlLRvdKZvUF$v%hy$v^OCld%OCwi%MFwioIwi1JricKjiSKFhxL_gxLUfxLSeYKdenKzdfJqdAIldoFld^OCem%OCds%_GdsqJds4K5s4LVrILcrlMuqlMiplMhoSLAnnLTmsKzmxJemrGem" /></glyphs></font><font id="50" name="Arial Charset204"><glyphs><g i="0" p="#^hy$v%hyD9%GGD9eJD9NKjakM_acNoc5OOd5Olf5ONgjN2ixMjjZK5k_MHk4O7maPynaPvpaP4rvOrsRNNtSMwuULfvqKDvYI$vPG$v^eB0j%4G0j2I0jVIMi1KqiBKFhaLTgaLIfaLAeEKKd6KUc6JAc7IgcJFgc%eBgc^eBmt%PGmtfImtQIftRJ3txKEsdLcsFLor6MAq6Mvp6MfotLknQKpmHJ1myIFlqGFl%eBFl" /><g i="1" p="%^zyD9wBD9wBajSGaj#6MajMN6l#qP2nqPvp#qP5sEN2u#TL$v3H$vzy$v^wBttXGtt#JJtt_Kxs#fMBrfMxp#fM8ouLbn#JKemwJ_l#jIJluFJlwBJl^6SD93VD93V$v6S$v" /><g i="2" p="#^6Q$v%6QD9%bGD9bDD9DBda4APa8zlcdyTddyJfdy6iLzLjiBnlwEPllDnmKCWmrB7ohAVp%ow$v%6A$v%4DlrnEkpcFgo2GbnIGMmnHkm3IamzI3mIJ3m%8N3m%8N$v^8Nvj%NGvjLEvjCD4jtCFiSBKhgBPggBJfgB8eqC7dAD5c3G5c%8N5c" /><g i="3" p="#^1AD9%2OD9%2O$v%4L$v%4Lgc%$Cgc%$CNn$CirGCXslCzuhBtveAnwCynwExnwgw$v%MwotvxHt0yHt1zHtxzXs1Aas1Anp" /><g i="4" p="%^ty$vtyD9EOD9EOgcqBgcqB6jON6jONKlqBKlqBmt9Pmt9P$v" /><g i="5" p="%^vy$vvyD9sBD9sBPi4NPi4ND92QD92Q$v4N$v4NslsBslsB$v" /><g i="6" p="" /><g i="7" p="#^vx5lvxxfuAnctDd9dId9jLd9ONIahQbcARReUSuhUSRkUSeowRWq9QCtDN$u6LnwcInw2FnwyCSu3AktNyHqvx2ovx5l^zA8lzAbpKCwrVERtbIRtxLRtHNvrRP8pRPQkRP5iWO3g$N0edMVcrKNbeINb5FNbQCXdzA5gzA8l" /><g i="8" p="%^5E$v5EgcJwgcJwD9sOD9sOgc3Hgc3H$v" /><g i="9" p="#^syD9%pBD9%pBqjrDqjgEEi5FRhnGSeiHFcUHLbvIRaCJeaKKC94MC9NNC9TNE9%TNccJNcchNbcOMacHMacgLacAKScTJyd_INfRHDi3HnjiG6kcFyknH8luJyo%5O$v%pK$v%GGWp7Fpn5Etm3DxlpBxl%pB$v%sy$v" /><g i="10" p="#^Yv$v%xED9%JHD9%TQ$v%wN$v%VKdp%yBdp%5z$v^pCPm%_JPm%FHCgAGNd3GZbEF7eSEfg" /><g i="11" p="#^bxGp%$zXokAAqJBds7DRtqFRtMHRt7JEsuKrruKJpuKTn2JNmDHHl8FHl%KDHl%KD6jMF6jRGTiXHDiMIGhCJIgCJtfCJ$dtIWckHQboFQbIDQbvCHciBxdRAXeoAkgoA0h%yxngCye9qFe9IIe9DK3byMUcyMkfyMsiBJbkhLFkrM6mBNznBNBpBNusmLru7JnwrFnw5znwbxGp" /><g i="12" p="#^mO9o%kRUooQysZNtuzLnw3InwsEnwaCVuVzqtJyEqyxRnyxEkyx8hTyyedAXbGCBa8Fe96Ie9tLe9LNYa2QFcXQLf%1OrgfN$dMLUciKNb2INbtFNbKD0d$BfeiBkgBApiBADkBAunqBCpgCKr0EOsMFRtPHRtjKRt1MpsLNZqmO9o" /><g i="13" p="%^syD98BD98Blr1ND90QD90Q$vkN$vkNkepB$vsy$v" /><g i="14" p="#^py$v%pyD9%RGD93JD9fKR9UL6a$MUa7OFbOO2duPqeuP5guPYiFNWkRLUm5HUm%mBUm%mB$v^mBgk%8Hgk0KgkdLcjqM7iqMbgqMNeILNd$KNcRJtc5Jgc4Hgc%mBgc" /><g i="15" p="%^rAD92OD92Omt3Qmt3QcBqNcBqN$vDy$vDycB$vcB$vmtKxmt#rAhprAUc^4LgchDgchDpd#hDggMCdl#gC9qMAmt4Lmt" /><g i="16" p="#^DI$t5HivHFQvhEmwFCmw_zmwyy3v7xLt7xJr7xxqFxypcyzo4zZnYznn3B3nSBSmvDFmQGfmoIIlpI8lpI_kpIjjEHDiAGHhvEHhzCHhEBniJA2jhANk%BxpkYxHiOyDhEzzgdB$fPCqfVEqf_GqfhIVfAJogbK8hOKTh1L$iaLIjaLyl%aLcpaL1tlL2uxL3v2M$v%aJ$vLI8vDI$t^oISnVGtoVDUodC8pwBspPALpqAlq2AWq2AEr2AKsTAttJBcujDcuVEcu8GwtnHPsYHCroIHqoISo" /><g i="17" p="#^8JNq%_L7rjLCtvJ_uHHmwSEmwiBmwdzau8x_r8x1o8xXjezHhlBqfIEqfYHqf0KEh4MRj4MSn4M6o3MBo%ZzBo7AgruBHsRC5uTE5uoG5usHjtwIws8JNq^7Akm%aJkm$Ihk8IgjQGGhKEGhRCGhyBYigAdk7Akm" /><g i="18" p="%^AwNfKJNfKJ3iwE3iwE$vOB$vOB3iAw3i" /></glyphs></font><font id="60" name="Tahoma Charset204"><glyphs><g i="0" p="%^MR$vLO$vLOqcQIKp$GKp7Bqc7B$viy$viyg9qCg95IWlANg9MRg9" /><g i="1" p="%^xL$vFI$vFIjoXAjoXA$v3y$v3yYeXAYeXARlFIRlFIYexLYe" /><g i="2" p="#^tFowoBow8z5uUwOrUwznUwpj3zXgfBteNEtenGteBHWePInfJJngDKlh7LMiDLakDLdm%DLMn%PzMnPzLqiBksOCUtrFUtoGUtiHGtcIstXI7tIJMseKrsNK6s7LQr%hLQr%hLYuOK9v2KsviJLvIIWvSH8waHgwvGowtFow^QIAlOIpkyIAjjIKiRH9ilHwhyGbhMFRgCERgtDRgFCbhSBxhcBbizASieAGjVzukPzAl" /><g i="3" p="%^xL$vFI$vFIqhXAqhXA$v3y$v3yYexLYe" /><g i="4" p="#^mM0nmMhrkKPtiIkwaFkwVDkwWC1wYBLvXA8v%XAhC%3yhC%3yYe%XAYe%XAKg$BMfiD7fCEte9Gte4JteJKOgmM6jmM0n^pJlnpJqktIPiyHchsFcheEch5DLhYBiiXA8j%XAOs3CmtSCztGDLtIELtXGLtaI7spJuqpJln" /><g i="5" p="%^xL$vHI$vHIhjFA$v3y$v3yYeVAYeVAsrRIYexLYe" /><g i="6" p="#^pK$v%yH$v%yHep%IEep%Fz$v%jw$v%OBZoGzloHy6nIxTlIxOjIxxifyAhPyDgMzZfxAsfHBcfRCYehEYe%pKYe^yHZm%yHeh%rEehrDehSClhiCshMBLhcB5iWAGiEAejEAUjEAKkQAgl1BNlxBem3CHmQCQmCDZmwEZm" /><g i="7" p="%^wKthJEthJE$vSB$vSBth2wth2wYewKYe" /><g i="8" p="#^5Mun5MNr0K7uXHtwuEtwXAtwUy2uSwDrSwunSwcjYyRg3BteuEteXHte0KQg5Mbj5Mun^7Jun7JakWHziJGYguEYgfCYg1BziQzakQzunQzHq1BlsfC$tuE$tIG$tVHns7JLq7Jun" /><g i="9" p="%^TN$v1L$v1LBiYGirPEirLABiLA$v3y$v3yYexBYe0GpolKYeTNYe" /><g i="10" p="#^ZKJqZKYrtKZs_JZt7JBu7IlvZGGvQF$v1E$v%3y$v%3yYe%XAYe%XAAl%6EAl1GAl5HNl9I_lcJMm5KqnxKsoZKtpZKJq^0IMq0I_pLHppuHPoTGroeG3opF_nBEVn4DVn%XAVn%XAIt%0DItxEItnFAtdGrtQG4tsHHsKH8s0IBr0IMq" /><g i="11" p="#^REnw5DnwDBRv9Aiv6zbu2y5ttxqrUwLpUwvnUwfluxDj5y_h6zTg6ALfCB9f7DyeREyefGyeyHYeSIlfTJSf%TJ4j%IJ4jpJQiWIvirI9iLHOh9HvhlGghyF1hOE1hzC1hdBJiTzpkTzvnTzwqaBcsuCUtOEUtcGUttHjtKIKsIJPr%TJPr%TJ1vsJevPIwvaIOvFHXvWG8wlGfwMFnwREnw" /><g i="12" p="%^HM4A0K4A0KYvNyYvNy4A6w4A6wytfxyt#HyarCzln#yAvjyAYe_KYe_KytHMyt^7Iyt7ImheDmh#2DalbCko#lBtr3Ayt" /><g i="13" p="#^rLQqrL4sYK1tuK_tGJDuDIqvuHJvmG$vME$v%3y$v%3yYe%kEYecGYe3H3fXHafOIFfHJ8g6KYgyKLhyKTiyK5kTJ3lcJ1m5Izm%aIGmzJ0nvK5orL9prLQq^CHjjCHKipHjidHThLGEhcGlhwFihREehEDeh%VAeh%VAVl%cEVlfFVlHFPl8GIlGGolaH4loHzkCH2kCHjj^tIRqtI_pdIspZHWo6HwoAGfoZFcomF8ohE8o%VA8o%VAIt%oDItXEItNFAtEGstfH5tUHIsaIbstIFrtIRq" /><g i="14" p="%^jL$vNH$vFDypoz$v8w$v3CxncwYeKzYeQDkl2IYejLYeqFln" /><g i="15" p="#^mJhrmJJsKIIt6IHu7HhvcGRv$E6wPDowDCowYAowsz3wYxKvuw$u%uwRr%FwRrIxOsgzmtQAWtoCWt3DWtQDNtBEDt7FktQFUs7GpsqGWrqG3rqG8q4GBpLF1p8FMoyEuoPDqo4DlofClo%eAlo%eATl%NBTlmCTldDRl5EOlCEBlgFmlFFVk3Gsk3Goj3GDiJFaioFJhUEthnEbhMD5h9D$gAC$g8B$gOzphtyOhvxBi%jxBi%jxvfqy6fLzQe5BxerCxewDxeEEMeMF_eMGwfJH1gmIXg$IRh$I9j$IykcIBlqHEm7GZm%7G4nyHznsIAomJApmJhr" /><g i="16" p="#^BHOr%BH3nzG9n$EknrDunuCMnkB7oAARoRzzpRzSqRzksFA4tuBQt4DQtrEQtxFftDGFsBHOr^BHaueHruEGVu3GmvwFEvLE1w1EfwkDtw2Ctw$Atw2A3w6zGvoyYuIxfuhxdtTwbsTw2rTwhpDx2onyOm_z3mqBplnD9lkFVkBHNk%BHekBHdjhHCi_G_hqGFhTFih4FbhiE3hsD3htC3h7BnhNzGhryei%gyei%gyjf3z4fxAPe0CxetDxedFxeqGPeEH4fBIOfxJvg_JDhrKKirKkk%rK$v%BH$v" /><g i="17" p="#^NL$v%dI$v%nC8o%XA8o%XA$v%3y$v%3yYe%XAYe%XAmm2ClmQCVlDDslaE9klEMjyEgjLEMiTEniyFvgKGKfWHYeQJYe%CKYe%CKqh%YJqhLIqh8IWhyHpi7HJjIG2l7GOlyFxmREWm" /><g i="18" p="#^JKJqJKYrdKZsJJZtTIBuSHlvJGGvAF$vND$v%3y$v%3yYe%XAYe%XAAl%RDAlMFAlQGNlUH_lYIMmQJqngKsoJKtpJKJq^LHMqLH_puHppdHPoCGroZF3o9F_nlEVnPCVn%XAVn%XAIt%LCIthEIt6FAtYFrtzG4tbHHstH8sLHBrLHMq^zP$v%IM$v%IMYe%zPYe" /><g i="19" p="#^UK$v%0I$v%0IlpGGNppF1q8EgqVCgqQBgqOA_pMzIp0z3pgyqoSxqnsxqmsx3l%sxYe%kAYe%kAAjkAIkqAnlwA1mWAFmgBbnZBunHCMnRDMnSEMn$FAn9Hnn0I5n%0IYe%UKYe" /><g i="20" p="#^gL$v%oI$v%oImh%xCmhvCDisCOjpCYkmCVlgCio2CWpQBxruBws9BwtLA5ulAFuRz6vjzzvJyOv7y0wnx0w8x0wLw$vnw$vdw$v%dwut%nwutuwutBwvtIwwtSwwtexwtAxqtXxjtcy0tZygsjzpqGzxoQzalUzWjXzdi_zvg1AYe%gLYe" /><g i="21" p="#^WSunWSMrSQ7uOOtwoLtw2Itw4Ggu7E3sXDeo%XAeo%XA$v%3y$v%3yYe%XAYe%XAUl%$DUlmEpikGrgiIteoLteZOteXQWgWSmjWSun^ZPunZPdkMOBiANYgoLYgaJYgZHCiNGfkNGunNGHq_HlsbJ$toL$tAN$tMOosZPNqZPun" /><g i="22" p="#^xL$v%HI$v%HIhj%FA$v%3y$v%3yYe%VAYe%VAsr%RIYe%xLYe^fK17fKl8WJq9CJva0JdbkI1csHrcAGRcdFRcZDRc1Dqc5C$bsBdbQAtavAp9bAk8bA17%FC17FC59iD$9XDVadFVarGVa5H0aMH79MH17" /><g i="23" p="#^Ew5s%Pw5s9xnsExHs8y$sPyhtyzAtdALtUAWtSBWt3EWtoFrsJGYqWG9o%az9o%azRl%VGRlDGqjiFdi_D0h1C0haB0hqAchGzohZyIhoy_hXxjiuxDi4xZi%UwZi%UwPfIxtfaz0fEAyeZByeIDye7F4fzGBfCHFgFILhcJkjMJUkMJ7nMJprAHUtoFnwGBnwhAnwYy0wExFvEwev" /><g i="24" p="#^9Kth8LtiHL1kfMAlfMCnfMApCLfr_KWsWJ3uQIgvuHTv9GtwAEtw_CtwEBVvjAlvmzbubyKsBxzq0xno0x9l0x0k6xRidxFhyx$fSxxenyhdUy0cKz9bPA0azCl9jEG8bHq8dIk8nJf8yK989L68%9LLamKOasJTazIXapH1bSF9bbEAbwC_bFBTc0BxdDALefAZf5AthdBFgwC6gPDyfiFyfHGyfXH0gbJtg9Kth^kJNnkJ3l6IDjUGaiDEaioDaieCAi4B_i2AGj0A3k_zBkYz6lYzylYzbonASpPAwrABtsgCkt1DFtOD_tHE_tUG_t6IkskJFqkJNn" /><g i="25" p="%^VIthXAthXA$v3y$v3yYeVIYe" /><g i="26" p="#^OM$v%MJ$v%MJYm%lGYm%yz$v%Wv$v%cDvmWAJlFz5kpytipyKfpy$d7zKcSztb2BEa7CT9ADA91Fg9NGg9%OMg9^MJrk%MJSb%DGSbjFSbwE1cKDcc4DEcnC6dZBZdABQeABRfAB3hSBTh8CHiMCjjsD_jrEdkrFrkLGrk" /><g i="27" p="%^tLYeiChCezhChCav4wYebzYeQDzrtIYe" /><g i="28" p="%^LQ8BTN8BTNXv8zXv8z8Bgw8Bgwjtvxjt#uz3qHAOk#VBwfVBg9BOg9BOjtLQjt^ALjtALUbLEUb#xEphnDUl#dCnqqAjt" /><g i="29" p="#^MS$v%iP$v%XJ9o%QI9o%QI$v%_F$v%_F9o%TE9o%qz$v%6w$v%xC3nOBGmcBWlDA9laAJjMzqibzWhDyqhlxqh%Hwqh%HwYe%txYelzYezAJfNBtgtCniBCNiOCij0DOj9D9kGDjllEQl0Flm_Fpm%_FYe%QIYe%QIpmOJkmuKPlbLilGL9kRLMj2MgjgMMinMni2NvgeOKfrPYelRYe%7SYe%7Sqh%tRqhfQqhEPWh2PpiEOJjdO2lDNPl2NAmlMZm" /><g i="30" p="%^XT4AgR4AgR$v3y$v3yYeXAYeXAztJGztJGYeBJYeBJztnPztnPYeeSYeeSztXTzt" /><g i="31" p="#^IN0pINJq3N0sqMjtlL8u3K9vBIAv7H$vPE$v%iy$v%iyg9%kEg9LGg9YHr9aJB9iKbawLRa4MVbEMZcEMpeEM$fOLghYKxisJfj%sJnjuLWjBMolINRmIN0p^vJQevJ$ddJpdYIOclIscCH1cIGXbOFRbdERb%jBRb%jBvi%LEviaGviRGmiwHdieILhWIjhcJBgvJTfvJQe^zK8pzKSnbK1nQJcmJICl$Hel9H7ljG0lLE0l%jB0l%jBpt%NDptMFptVGet2I2tWIssMJSr9K6rzKlqzK8p" /><g i="32" p="%^VL4ttEHmtEolVL0fVLTh3H2mVLcq^lFwtzxJmzxmllFzelFzhiA2mlFxq" /><g i="33" p="%^eS$v3y$v3yYeXAYeXAztJGztJGYeBJYeBJztnPztnPYeeSYe" /><g i="34" p="%^kMJmyEwtyExqCJ2myEzhyEzekMml^rFHm_x4t_xcqPC2m_xTh_x0frFol" /><g i="35" p="%^DO$vDL$vDLYdlB$viy$viyg9iBg9iB0rrLg9DOg9" /><g i="36" p="%^OO$vML$vMLTkjBTkjB$viy$viyg9jBg9jBbiMLbiMLg9OOg9" /><g i="37" p="%^6N4ArK4ArK$v3y$v3yYeXAYeXAwtyIwtyIYeqLYeqLwt6Nwt" /><g i="38" p="%^iy$viyg9vMg9vMYbjBYbjBbiKLbiKLTkjBTkjBjtvMjtvM$v" /><g i="39" p="#^NS0nNSipdS2rGRNsMQWtQP3vFOFvuNewcMeweLewvKTvNJvvhJfv%hJhC%rGhC%rGfvyFJv$E_vtEewfDewoAewFyVtXwArXwxnXwoluxJj1y1i$ySgUzMf2BafdCzetDzeoEze6FTeQFbfrGBf%rGf8%hJf8%hJBfYJafPKTeHLzeCMzeuPze7RSgNS9jNS0n^RPlnRPqkSOKiTN1hYL1h9L1hyKfhYJshhJHh%hJ3tYJotnKBtOKNtCLNtANNtIO9sRPwqRPln^rG3t%rGHhUFrhlFehOE1h7E1haC1h1BAiUz7kUzonUzmqVA4sXBNtSDNtDENteFztRFktrG3t" /><g i="40" p="%^OO$vML$vMLYbjBYbjB$viy$viyg9OOg9" /><g i="41" p="#^aOg9%WFpspFCtLElu6E4vpDrvICQv0CYvlB3wFA3w2A3wdz1wpy$vay$v%ayat%oyatCyct4zftyzhtgAhtBAht2BftwBctUB0tlCOsKCss7D5srDjr%YD6q%_vg9%jzg9%uFEm%2Lg9" /><g i="42" p="#^MNYoMNCq7NYruMitpL7u7K8vFIAvbH$vTE$v%iy$v%iyg9%8Mg9%8MYb%jBYb%jBbi%ZEbihHbiLIsidKJiwLJjGMDkdNYlMNhnMNYo^CK0pCKTneK0nSJ8m2JBldI1l6HWk0GOk0EOk%jBOk%jBpt%XDptZFpt3Hdt9I0t_IssQJSrdK3rCKfqCK0p" /><g i="43" p="#^7Y$v%pU$v%RMyl%nLyl%nL$v%nI$v%nIyl%UGyl%jz$v%Nv$v%mEhkmDDjCCFiTBGhbBrfzAtdTzJcbzZbexZb%DwZb%Dwg9%oxg9Xzg9kBfaKCdbGDRdUDwe7E9fmEOfwEcgbFQh7GDi3HpjnIxj%nIg9%nLg9%nLzjNMqjKNGiHOVhoPcgFPwfTPVe6QheeQRd9RebASfa$Tg9wWg9%iXg9%iXZb%HWZbKUZb0UKcjTudISrf3StheRuipQujsP5k" /><g i="44" p="#^EM7gEMCh6MXiBLfkFKaluJkmUHXmjGxnTDxn%jBxn%jB$v%iy$v%iyg9%$Dg90Gg9rHC9SIX9XJHacLzbWLVcEMeeEM7g^vJcgvJ1f5J9eHIhdSHKc8HgcbG3ceFSbPDSb%jBSb%jBXk%nDXkcFXkkGEktHlkdIBjUIVibJ5ivJhhvJcg" /><g i="45" p="#^zN$v%xK$v%xKnmGI_mdHinMFBnbEBnJCBnvBenhATmlz5mryilWx2kpxOipx4h%pxg9%rAg9%rAAfrA0hxARhEAGi9BrjBB6ksCtkkDQkNEQk4GQkIHxklJekxKNj%xKg9%zNg9" /><g i="46" p="#^aHpwYEpw4DFvcBVuSzqtvyYrLxLp$wxn$wFk$wOhJxHfsyzdRz_bcBta3DG9WES8dHS8nIS8mJ19mKc9dLs9YLH9JM1avNnaeONa%eOqe%$NqeBN3eZMydlM1dsLwcAK2cyJLbxIrbbHrbLFrbsE1c9DDcaCNdcBYeGAIg8Asi8AFk8A_mIAGogBmqfCwrbDFstEetMFOtbHOtvIOtCJutKK9tCLGsrMbs2NIrFNcr0ORq%eORq%eOsuvNOuQM7vaMrvdLLveK3wnJewxIpwaHpw" /></glyphs></font><font id="70" name="Articulate"><glyphs><g i="0" p="%^rz9ADw9AByvs5Cvs" /><g i="1" p="" /><g i="2" p="%^By$vByvs5Cvs5C$v" /><g i="3" p="%^bxNobxpmdFpmdFNo" /><g i="4" p="#^9DnA5CNy9B7xdAtvxzKtRy$rry9q1yjo1ylm1ylkrywiRyHgyz_efAhdaBEb5C$99Dn8%ZFn85FX9eECbnDhdHC2f$BPgABEi9Btk9Blm9BdozB3qZBVrECGtjDrvaE7x1FPyZFnA" /><g i="5" p="#^nElmnEjoZD9qzD$rSCKt9CtveB7xjANyfznA%rwnAlxNycy5x3zpvLzEtrATrRA2qfBdofBlmfBtkRAFirARgNz5f7zldfyGbnx$9rwn8%fzn8jAZ9eBBb9CddSCXezDFgZDvinElknElm" /></glyphs></font></bwFonts>