﻿<?xml version="1.0" encoding="utf-8"?><bwFonts xmlns:xsi="http://www.w3.org/2001/XMLSchema-instance" xmlns:xsd="http://www.w3.org/2001/XMLSchema"><font id="00" name="Microsoft Sans SerifBold Charset204"><glyphs><g i="0" p="%^iQ$vLM$vLMGlZBGlZB$vsy$vsys9ZBs9ZBsiLMsiLMs9iQs9" /><g i="1" p="#^7FmwvBmwhz4u3xOr3xMn3xLjczshmB9fPE9flI9fsKqhAMHjAMMn%AMKo%DAKoOA2r2CisiDyt7FytwGytBHSsHIasLIEq%hMEqXLztXJZuYHmw7Fmw^_IVlFI3kxH0jqGYhPEYhfDYh7C0j$A3kHAVl" /><g i="2" p="#^PE9flI9fsKqhAMHjAMMnAMQrsK5ulImwPEmwiBmwaz5u3xPr3xMn3xGjazqhiB9fPE9f^PEytHGytSH6s1JGq1JMn1JQkSHojHGYhPEYhYCYhMBojBAQkBAMnBAGqMB6sXCytPEyt" /><g i="3" p="#^mAsiAA9h3ClgzDwf9FwfDIwfMKMhWM$jWMXnWMSrNK6uEImw9FmwpxmwpxNlpxwfwzucDBs9VGs9DIs9YIj9iJa9iJt8%KMt8KMqahMcbRLZbDKmcqJLcJGLcHCLcwBIemAEgmAsi^9FytZGytaI9snJLqnJXnnJ8laIKjZGki9FkilDki8CKjXA7lXAXnXALq8C9slDyt9Fyt" /><g i="4" p="%^KL$vKH$vZDOpbA$vcw$v3CrnGwwfFAwfZD3lgHwfgLwfSFqn" /><g i="5" p="%^RLbt8Obt8OfAIKfAIK$vrz$vrzfA$vfA$vbtyxbt#aAtpaAAgaAwfRLwf^oIkiBDki#hDPpbBbtoIbt" /><g i="6" p="%^4y$v4ywfxBwfxBAr8IwfGLwfGL$vdI$vdIWjCB$v" /><g i="7" p="%^4y$v4ywfICwfeHSrNLwfpQwfpQ$vZM$vZMzjJI$vMF$vxBzjxB$v" /><g i="8" p="%^ywkiywwf5Kwf5Kki2Fki2F$vCB$vCBki" /><g i="9" p="#^PF$v%4y$v%4ywf%PEwf$Kwf$K0k$KJmXIonIL3oILfrILpt5KIuvI$vPF$v^xBki%xBam%yEamdGamTGKlyHhlyHfkyHgjRGOi9GkilEki^xBZo%xBbt%VEbt9Ibt9I5r9IZoGEZo" /><g i="10" p="#^xBIl%MEIl_HIlQJ5nGLtoGLRqGLetQJDu$H$vME$v%4y$v%4ywf%xBwf^xBbt%EEbt7Ibt7IRq7IwoEEwo%xBwo" /><g i="11" p="%^4y$v4ywfxBwfxB5m7I5m7IwfzLwfzL$v7I$v7IWoxBWoxB$v" /><g i="12" p="#^7Iqr%7Iio%wGioHAioHAkrHApstB_sgCytIDyt0FyteGYstHms7Iqr^7ImupGmwUCmwoAmwMy0v9xFt9xur9xCl3HCl%7ICl7IgkYHzjOHSi3HpilGYhEEYh9BYh2BFk%DxFkYx9fNE9fXH9fLJrgzLJhzLql%zL$v%7I$v" /><g i="13" p="%^4y$v4ywfzLwfzL$v7I$v7IkixBkixB$v" /><g i="14" p="#^xBphXC9fLF9f0J9fOKthAMMjAMDnAMErAK$tBImwyFmwRCmwxBMu%xB5C%4y5C%4ywf%xBwf^xBPr9DytnFyt1Hyt1I5s1JDq1JDn1JOk4Inj8HYhuFYhjDYhxBtk" /><g i="15" p="#^PEmwiBmwaz5u3xPr3xMn3xGjazqhiB9fPE9fxH9fmJygcLWhxLTk%0ITkYHjj1HEi7GYhPEYhYCYhMBojBAQkBAMnBAGqMB6sXCytPEyt7Gyt1HTsYHbs0IEq%xLEqcLBtmJ_uxHmwPEmw" /><g i="16" p="%^PL$vZH$v$CfoxB_pxB$v4y$v4ywfxBwfxBhmbHwfcLwfbF6m" /><g i="17" p="#^4y$v%4ywf%xBwf%xBAr%8Iwf%GLwf%GL$v%dI$v%dIWj%CB$v^BJf9pJzb6IFcPGLdRELdSCLdzBFchAyb7Af9%xCf9UCibREibMGibbHf9" /><g i="18" p="#^tPjptPysgNhu4L$vZG$v%sy$v%sys9%zGs99Ks9gM1boOBcoOlfoOIidLYjeNjklOSltPontPjp^ZBEi%xGEiSIEiTJYhVKfhVKCfVK8eVJpdVIFcgGFc%ZBFc^ZBNs%XGNsRLNsRLjpRLwnKKHmDJRlzGRl%ZBRl" /><g i="19" p="#^vDwf%8Lwf%8L$v%HH$v%HHOp%uFOprEOpKDmq1DWqlCls%yA$v%Nw$v%2zrr4AspJBcpuxxouxrkux9i5zRgIAwfvDwf^HH_m%HHki%XDki1Bki1Byk1B_mIE_m" /><g i="20" p="#^izwf%1Mwf%1M$v%BI$v%BIki%LCki%LCiqLCQtAB_uqA8wmy8w9x8w8wXv%8w6tixkt1yktLykt0zOsizfsizmq" /><g i="21" p="%^fS$vqO$vTIfpTI$vrF$vrFfpTz$v2w$vLDknCwwfsAwfrFulrFwfTIwfTIulRNwfIRwfzKkn" /></glyphs></font><font id="10" name="ArticulateBold Charset1"><glyphs><g i="0" p="" /><g i="1" p="%^9y$v9yDrxCDrxC$v" /><g i="2" p="%^9y$v9yDrxCDrxC$v^9yhk9yVfxCVfxChk" /></glyphs></font><font id="20" name="Microsoft Sans Serif Charset204"><glyphs><g i="0" p="#^bIe9UMe9TPqcSSBfSSPkSS1qTPctUMnwbInwtDnwsActsx0qsxPksxBfsAqctDe9bIe9^9IRtwLRtFNtrOP4pOPPkOPxgFN9exLNbdINbRENbHC9exAxgxAPkxA3pGCsrQERt9IRt" /><g i="1" p="%^NQ$vTM$vXERksBeosB$vvy$vvyD9sBD9sBJkmMD9mQD9$GPi" /><g i="2" p="%^3Q$v4N$v4NhcsBhcsB$vvy$vvyD93QD9" /><g i="3" p="#^$AKhWCrfDFrfOIrfxKHhhMXjhMMnhMLrkK3unInwqFnwOCnw$AKu%$AdC%6ydC%6yOf%$AOf^$A8sRC6ueF6u5H6ubIwsiJWqiJMniJNkfIejdHGhmFGhZCGh$Ask" /><g i="4" p="#^GErf8IrfcKFhhMSjhMVnhMXrcK9u8InwGEnwdBnw9z9u5xXr5xVn5xSj9zFhdBrfGErf^GE6uJG6u$HysiJ_qiJVniJPk$HfjJGGhGEGhCCGhkBfj2APk2AVn2A_qkBysCC6uGE6u" /><g i="5" p="#^GEnwdBnw9z9u5xXr5xVn5xSj9zFhdBrfGErfkHrf6JNgUK7icLFk%fIFkbIcj9Hri7GGhGEGhCCGhkBfj2APk2AVn2A_qkBysCC6uGE6u7G6u9HmtbIBsfI9r%cL9rUKHt6J1vkHnwGEnw" /><g i="6" p="%^6y$v6yOfjCOf8Hos$LOfbQOfbQ$vjN$vjNjjqI$vSF$v$Ajj$A$v" /><g i="7" p="%^zw3izwOfKJOfKJ3iAE3iAE$vJB$vJB3i" /><g i="8" p="#^$EnwqBnwfz8u5xVr5xVn5xXjbzHhhBrfGErf8IrfcKFhhMSjhMVn%hMBo%4ABogAprDBMs$C6u$E6uvG6uJHltXIAs$I9r%ZL9rDLFtHJ0vMHnw$Enw^eJkmUI$jFHRirGGhGEGhYCGhJBQiuA_j8Akm" /><g i="9" p="#^$A7m%CE7mOH7mzJsnlLNolL2rlLltzJGuOH$vCE$v%6y$v%6yOf%$AOf^$ALt%uELtnILtnI2rnImouEmo%$Amo" /><g i="10" p="" /><g i="11" p="#^HF$v%6y$v%6yOf%GEOfFKOfFK5kFKEmyIAnnLronLsrnLwtRJMukI$vHF$v^$A3i%$ABm%pEBmcGBm_G4mMHylMHkkMH9jYGCi8G3ibE3i^$AQo%$ALt%MELtoILtoIjroIQowEQo" /><g i="12" p="%^$A7mCE7m#OH7mzJsn#lLNolL2r#lLltzJGu#OH$vCE$v6y$v6yOf$AOf^$ALtuELt#nILtnI2r#nImouEmo$Amo^iQ$vpN$vpNOfiQOf" /><g i="13" p="%^6y$v6yOf$AOf$A6sfIOflLOflL$vsI$vsIGjcB$v" /><g i="14" p="%^6y$v6yOfeLOfeL$vnI$vnI3i$A3i$A$v" /><g i="15" p="#^nIKr%nI9o%pG9o8A9o8Ayr8ANs2BstZB6uxD6uYE6uhGttCHQsnIKr^nIkuaGnwICnwiAnwKy4vbxMtbxIrbx1mZG1m%nI1mnIhkbIvj$HJi9HcikGGhuEGhEAGhxAqk%FxqkZxrfEErfLHrfuJGgeLVheLxl%eL$v%nI$v" /><g i="16" p="#^mzOf%ILOf%IL$v%RI$v%RI3i%fC3i%fCvqfCZt8B3v2A8w4y8wVw8w8w$v%8wGtZwVtLxVtHyVt0zetmzzsmzzq" /><g i="17" p="%^6y$v6yOf$AOf$AwmnIwmnIOfeLOfeL$vnI$vnINo$ANo$A$v" /><g i="18" p="%^3Q$v4N$v4NtlsBtlsB$vvy$vvyD9sBD9sBPi4NPi4ND93QD9" /></glyphs></font><font id="30" name="Tahoma Charset204"><glyphs><g i="0" p="%^OO$vML$vMLYbjBYbjB$viy$viyg9OOg9" /><g i="1" p="#^5Mun5MNr0K7uXHtwuEtwXAtwUy2uSwDrSwunSwcjYyRg3BteuEteXHte0KQg5Mbj5Mun^7Jun7JakWHziJGYguEYgfCYg1BziQzakQzunQzHq1BlsfC$tuE$tIG$tVHns7JLq7Jun" /><g i="2" p="#^REnw5DnwDBRv9Aiv6zbu2y5ttxqrUwLpUwvnUwfluxDj5y_h6zTg6ALfCB9f7DyeREyefGyeyHYeSIlfTJSf%TJ4j%IJ4jpJQiWIvirI9iLHOh9HvhlGghyF1hOE1hzC1hdBJiTzpkTzvnTzwqaBcsuCUtOEUtcGUttHjtKIKsIJPr%TJPr%TJ1vsJevPIwvaIOvFHXvWG8wlGfwMFnwREnw" /><g i="3" p="%^wKthJEthJE$vSB$vSBth2wth2wYewKYe" /><g i="4" p="#^BHOr%BH3nzG9n$EknrDunuCMnkB7oAARoRzzpRzSqRzksFA4tuBQt4DQtrEQtxFftDGFsBHOr^BHaueHruEGVu3GmvwFEvLE1w1EfwkDtw2Ctw$Atw2A3w6zGvoyYuIxfuhxdtTwbsTw2rTwhpDx2onyOm_z3mqBplnD9lkFVkBHNk%BHekBHdjhHCi_G_hqGFhTFih4FbhiE3hsD3htC3h7BnhNzGhryei%gyei%gyjf3z4fxAPe0CxetDxedFxeqGPeEH4fBIOfxJvg_JDhrKKirKkk%rK$v%BH$v" /><g i="5" p="#^mM0nmMhrkKPtiIkwaFkwVDkwWC1wYBLvXA8v%XAhC%3yhC%3yYe%XAYe%XAKg$BMfiD7fCEte9Gte4JteJKOgmM6jmM0n^pJlnpJqktIPiyHchsFcheEch5DLhYBiiXA8j%XAOs3CmtSCztGDLtIELtXGLtaI7spJuqpJln" /><g i="6" p="#^xL$v%HI$v%HIhj%FA$v%3y$v%3yYe%VAYe%VAsr%RIYe%xLYe^fK17fKl8WJq9CJva0JdbkI1csHrcAGRcdFRcZDRc1Dqc5C$bsBdbQAtavAp9bAk8bA17%FC17FC59iD$9XDVadFVarGVa5H0aMH79MH17" /><g i="7" p="#^tFowoBow8z5uUwOrUwznUwpj3zXgfBteNEtenGteBHWePInfJJngDKlh7LMiDLakDLdm%DLMn%PzMnPzLqiBksOCUtrFUtoGUtiHGtcIstXI7tIJMseKrsNK6s7LQr%hLQr%hLYuOK9v2KsviJLvIIWvSH8waHgwvGowtFow^QIAlOIpkyIAjjIKiRH9ilHwhyGbhMFRgCERgtDRgFCbhSBxhcBbizASieAGjVzukPzAl" /><g i="8" p="#^ZKJqZKYrtKZs_JZt7JBu7IlvZGGvQF$v1E$v%3y$v%3yYe%XAYe%XAAl%6EAl1GAl5HNl9I_lcJMm5KqnxKsoZKtpZKJq^0IMq0I_pLHppuHPoTGroeG3opF_nBEVn4DVn%XAVn%XAIt%0DItxEItnFAtdGrtQG4tsHHsKH8s0IBr0IMq" /><g i="9" p="" /><g i="10" p="%^xL$vFI$vFIqhXAqhXA$v3y$v3yYexLYe" /><g i="11" p="#^NL$v%dI$v%nC8o%XA8o%XA$v%3y$v%3yYe%XAYe%XAmm2ClmQCVlDDslaE9klEMjyEgjLEMiTEniyFvgKGKfWHYeQJYe%CKYe%CKqh%YJqhLIqh8IWhyHpi7HJjIG2l7GOlyFxmREWm" /><g i="12" p="%^xL$vFI$vFIjoXAjoXA$v3y$v3yYeXAYeXARlFIRlFIYexLYe" /><g i="13" p="%^xL$vHI$vHIhjFA$v3y$v3yYeVAYeVAsrRIYexLYe" /><g i="14" p="#^UK$v%0I$v%0IlpGGNppF1q8EgqVCgqQBgqOA_pMzIp0z3pgyqoSxqnsxqmsx3l%sxYe%kAYe%kAAjkAIkqAnlwA1mWAFmgBbnZBunHCMnRDMnSEMn$FAn9Hnn0I5n%0IYe%UKYe" /><g i="15" p="#^rLQqrL4sYK1tuK_tGJDuDIqvuHJvmG$vME$v%3y$v%3yYe%kEYecGYe3H3fXHafOIFfHJ8g6KYgyKLhyKTiyK5kTJ3lcJ1m5Izm%aIGmzJ0nvK5orL9prLQq^CHjjCHKipHjidHThLGEhcGlhwFihREehEDeh%VAeh%VAVl%cEVlfFVlHFPl8GIlGGolaH4loHzkCH2kCHjj^tIRqtI_pdIspZHWo6HwoAGfoZFcomF8ohE8o%VA8o%VAIt%oDItXEItNFAtEGstfH5tUHIsaIbstIFrtIRq" /><g i="16" p="#^pK$v%yH$v%yHep%IEep%Fz$v%jw$v%OBZoGzloHy6nIxTlIxOjIxxifyAhPyDgMzZfxAsfHBcfRCYehEYe%pKYe^yHZm%yHeh%rEehrDehSClhiCshMBLhcB5iWAGiEAejEAUjEAKkQAgl1BNlxBem3CHmQCQmCDZmwEZm" /><g i="17" p="%^HM4A0K4A0KYvNyYvNy4A6w4A6wytfxyt#HyarCzln#yAvjyAYe_KYe_KytHMyt^7Iyt7ImheDmh#2DalbCko#lBtr3Ayt" /><g i="18" p="#^gL$v%oI$v%oImh%xCmhvCDisCOjpCYkmCVlgCio2CWpQBxruBws9BwtLA5ulAFuRz6vjzzvJyOv7y0wnx0w8x0wLw$vnw$vdw$v%dwut%nwutuwutBwvtIwwtSwwtexwtAxqtXxjtcy0tZygsjzpqGzxoQzalUzWjXzdi_zvg1AYe%gLYe" /><g i="19" p="%^tLYeiChCezhChCav4wYebzYeQDzrtIYe" /><g i="20" p="#^WSunWSMrSQ7uOOtwoLtw2Itw4Ggu7E3sXDeo%XAeo%XA$v%3y$v%3yYe%XAYe%XAUl%$DUlmEpikGrgiIteoLteZOteXQWgWSmjWSun^ZPunZPdkMOBiANYgoLYgaJYgZHCiNGfkNGunNGHq_HlsbJ$toL$tAN$tMOosZPNqZPun" /><g i="21" p="%^XT4AgR4AgR$v3y$v3yYeXAYeXAztJGztJGYeBJYeBJztnPztnPYeeSYeeSztXTzt" /><g i="22" p="%^jL$vNH$vFDypoz$v8w$v3CxncwYeKzYeQDkl2IYejLYeqFln" /><g i="23" p="%^xC$vUy$vUyErxCEr" /><g i="24" p="#^IN0pINJq3N0sqMjtlL8u3K9vBIAv7H$vPE$v%iy$v%iyg9%kEg9LGg9YHr9aJB9iKbawLRa4MVbEMZcEMpeEM$fOLghYKxisJfj%sJnjuLWjBMolINRmIN0p^vJQevJ$ddJpdYIOclIscCH1cIGXbOFRbdERb%jBRb%jBvi%LEviaGviRGmiwHdieILhWIjhcJBgvJTfvJQe^zK8pzKSnbK1nQJcmJICl$Hel9H7ljG0lLE0l%jB0l%jBpt%NDptMFptVGet2I2tWIssMJSr9K6rzKlqzK8p" /><g i="25" p="%^TN$v1L$v1LBiYGirPEirLABiLA$v3y$v3yYexBYe0GpolKYeTNYe" /><g i="26" p="#^9Kth8LtiHL1kfMAlfMCnfMApCLfr_KWsWJ3uQIgvuHTv9GtwAEtw_CtwEBVvjAlvmzbubyKsBxzq0xno0x9l0x0k6xRidxFhyx$fSxxenyhdUy0cKz9bPA0azCl9jEG8bHq8dIk8nJf8yK989L68%9LLamKOasJTazIXapH1bSF9bbEAbwC_bFBTc0BxdDALefAZf5AthdBFgwC6gPDyfiFyfHGyfXH0gbJtg9Kth^kJNnkJ3l6IDjUGaiDEaioDaieCAi4B_i2AGj0A3k_zBkYz6lYzylYzbonASpPAwrABtsgCkt1DFtOD_tHE_tUG_t6IkskJFqkJNn" /><g i="27" p="#^MS$v%iP$v%XJ9o%QI9o%QI$v%_F$v%_F9o%TE9o%qz$v%6w$v%xC3nOBGmcBWlDA9laAJjMzqibzWhDyqhlxqh%Hwqh%HwYe%txYelzYezAJfNBtgtCniBCNiOCij0DOj9D9kGDjllEQl0Flm_Fpm%_FYe%QIYe%QIpmOJkmuKPlbLilGL9kRLMj2MgjgMMinMni2NvgeOKfrPYelRYe%7SYe%7Sqh%tRqhfQqhEPWh2PpiEOJjdO2lDNPl2NAmlMZm" /><g i="28" p="#^JKJqJKYrdKZsJJZtTIBuSHlvJGGvAF$vND$v%3y$v%3yYe%XAYe%XAAl%RDAlMFAlQGNlUH_lYIMmQJqngKsoJKtpJKJq^LHMqLH_puHppdHPoCGroZF3o9F_nlEVnPCVn%XAVn%XAIt%LCIthEIt6FAtYFrtzG4tbHHstH8sLHBrLHMq^zP$v%IM$v%IMYe%zPYe" /><g i="29" p="%^wK$vrz$vrzGtzDGtzDrerzrerznc#NBncTCJb#_D2b7Ec9uGc9uGGtwKGt" /><g i="30" p="#^GL$v%Fx$v%FxOsaznrwA3qSBLo8DknKFtkGGLiDH1hDHcfDHgekHyd1HQcvGmcZFUbgFGbzErbKDrbWCrb4CEbfBRbvA9cSzqcfzNcFy8diypd%7ypd%7yaa4zI9MAf9sCO8YDO87HO8WIuaKKacKK3fKKngqKvh6KDizJCj$IBkcIzlpHxmwGvn5F2pkDKqzBpswAot%GLot" /><g i="31" p="%^iy$viyg9vMg9vMYbjBYbjBbiKLbiKLTkjBTkjBjtvMjtvM$v" /><g i="32" p="%^VIthXAthXA$v3y$v3yYeVIYe" /><g i="33" p="%^DDErlzEB7xEBPzEr" /><g i="34" p="%^OGf88G4h7E4htDf8^3Bf8pA4hoy4hKxf8" /><g i="35" p="%^LQ8BTN8BTNXv8zXv8z8Bgw8Bgwjtvxjt#uz3qHAOk#VBwfVBg9BOg9BOjtLQjt^ALjtALUbLEUb#xEphnDUl#dCnqqAjt" /><g i="36" p="%^ZFrnmxrnmxGkZFGk" /><g i="37" p="%^OO$vML$vMLTkjBTkjB$viy$viyg9jBg9jBbiMLbiMLg9OOg9" /><g i="38" p="#^aOg9%WFpspFCtLElu6E4vpDrvICQv0CYvlB3wFA3w2A3wdz1wpy$vay$v%ayat%oyatCyct4zftyzhtgAhtBAht2BftwBctUB0tlCOsKCss7D5srDjr%YD6q%_vg9%jzg9%uFEm%2Lg9" /><g i="39" p="#^tFowoBow8z5uUwOrUwznUwpj3zXgfBteNEtenGteBHWePInfJJngDKlh7LMiDLakDLdm%DLMn%PzMnPzLqiBksOCUtrFUtoGUtiHGtcIstXI7tIJMseKrsNK6s7LQr%hLQr%hLYuOK9v2KsviJLvIIWvSH8waHgwvGowtFow^QIAlOIpkyIAjjIKiRH9ilHwhyGbhMFRgCERgtDRgFCbhSBxhcBbizASieAGjVzukPzAl^qJ5c%mG5c%mG79%qJ79^7D5c%3A5c%3A79%7D79" /><g i="40" p="%^CD$vCDYb_vYb_vg9fOg9fOYbDGYbDG$v" /><g i="41" p="#^mJhrmJJsKIIt6IHu7HhvcGRv$E6wPDowDCowYAowsz3wYxKvuw$u%uwRr%FwRrIxOsgzmtQAWtoCWt3DWtQDNtBEDt7FktQFUs7GpsqGWrqG3rqG8q4GBpLF1p8FMoyEuoPDqo4DlofClo%eAlo%eATl%NBTlmCTldDRl5EOlCEBlgFmlFFVk3Gsk3Goj3GDiJFaioFJhUEthnEbhMD5h9D$gAC$g8B$gOzphtyOhvxBi%jxBi%jxvfqy6fLzQe5BxerCxewDxeEEMeMF_eMGwfJH1gmIXg$IRh$I9j$IykcIBlqHEm7GZm%7G4nyHznsIAomJApmJhr" /><g i="42" p="#^5P$v%fL$v%dDAl%jBAl%jB$v%iy$v%iyg9%jBg9%jBwj6Dsj8ECibFMhRFcg7GwflGVezGheIGRdDHeb1JfasKg9ZMg9%VNg9%VNZb%8NZbhLZbxKIcNJqd9JrfxIshLHoi_GkjTF2k" /><g i="43" p="#^Ew5s%Pw5s9xnsExHs8y$sPyhtyzAtdALtUAWtSBWt3EWtoFrsJGYqWG9o%az9o%azRl%VGRlDGqjiFdi_D0h1C0haB0hqAchGzohZyIhoy_hXxjiuxDi4xZi%UwZi%UwPfIxtfaz0fEAyeZByeIDye7F4fzGBfCHFgFILhcJkjMJUkMJ7nMJprAHUtoFnwGBnwhAnwYy0wExFvEwev" /><g i="44" p="%^eS$v3y$v3yYeXAYeXAztJGztJGYeBJYeBJztnPztnPYeeSYe" /><g i="45" p="#^zN$v%xK$v%xKnmGI_mdHinMFBnbEBnJCBnvBenhATmlz5mryilWx2kpxOipx4h%pxg9%rAg9%rAAfrA0hxARhEAGi9BrjBB6ksCtkkDQkNEQk4GQkIHxklJekxKNj%xKg9%zNg9" /><g i="46" p="#^JNykJNZpSKbt$HpwnDpwqBpwHz0wYxDvFw$u%FwGr%TwGrZxGsFzgtmBRthDRtzGRtDIsrHK2pHK7l%Cz7l%Czui%xKuibKbffIjdkGqbhDqbpBqbMz$b8yAcXwDd%IwDd%IwgaXxI9Izh9uBS8pDS8kIS80LVbJNYeJNyk" /><g i="47" p="#^6NJq6NYrCMZs7MZtgLBugKlv6JGvZH$vaG$v%oA$v%oAth%2wth%2wYe%fDYe%fDAl%fGAlaIAleJNliK_llLMmeMqnGMso6Ntp6NJq^9KMq9K_pUJppDJPo0JronI3oyH_nJGVncFVn%fDVn%fDIt%8FItGGItwHAtmIrtZI4tBJHsTJ8s9KBr9KMq" /><g i="48" p="%^6N4ArK4ArK$v3y$v3yYeXAYeXAwtyIwtyIYeqLYeqLwt6Nwt" /><g i="49" p="#^aHpwYEpw4DFvcBVuSzqtvyYrLxLp$wxn$wFk$wOhJxHfsyzdRz_bcBta3DG9WES8dHS8nIS8mJ19mKc9dLs9YLH9JM1avNnaeONa%eOqe%$NqeBN3eZMydlM1dsLwcAK2cyJLbxIrbbHrbLFrbsE1c9DDcaCNdcBYeGAIg8Asi8AFk8A_mIAGogBmqfCwrbDFstEetMFOtbHOtvIOtCJutKK9tCLGsrMbs2NIrFNcr0ORq%eORq%eOsuvNOuQM7vaMrvdLLveK3wnJewxIpwaHpw" /><g i="50" p="#^2K1lPKHliLGmOLFnOLdpOLLqbL3sAKmtwJkupIlvNGTvaFpwbDpw4Bpwiz_vxxzvtw6v%twJr%GwJrVxxsEz9toBMt9DMtgEMtmFtttGatdHvsZHQrjI2rGIfqGI3pGIVnfI6nQHjm3HQlkGllhF8leEWk2DWk%FAWk%FAoi%KCoi8FoiCGrh4Itg4IDe4INdJHbdmHAcIGcc_FObcFFbqEvbtDvbwCvbzBJbCAXbNzgc_yAcoyXcOxhdpxwd%dxwd%dxaafyH91Ah9QBS8zDS8jFS8AG99RHs9VI7a2KTaCKUbbLVcbLjebL9gYJxhKIViLGkj%LGzjwHHjpI2kiJok2K1l" /><g i="51" p="#^OM$v%MJ$v%MJYm%lGYm%yz$v%Wv$v%cDvmWAJlFz5kpytipyKfpy$d7zKcSztb2BEa7CT9ADA91Fg9NGg9%OMg9^MJrk%MJSb%DGSbjFSbwE1cKDcc4DEcnC6dZBZdABQeABRfAB3hSBTh8CHiMCjjsD_jrEdkrFrkLGrk" /><g i="52" p="%^MR$vLO$vLOqcQIKp$GKp7Bqc7B$viy$viyg9qCg95IWlANg9MRg9" /><g i="53" p="%^0O$vyK$v0FUmnz$v6w$vkDDkkwg9Nzg9cFciJKg9$Ng9UGtk" /></glyphs></font><font id="40" name="Articulate"><glyphs><g i="0" p="%^By$vByvs5Cvs5C$v" /><g i="1" p="%^rz9ADw9AByvs5Cvs" /><g i="2" p="" /><g i="3" p="%^bxNobxpmdFpmdFNo" /><g i="4" p="%^ZARhZAbaJDbaJDRh^FFRhFFbapIbapIRh" /></glyphs></font></bwFonts>