﻿<?xml version="1.0" encoding="utf-8"?><bwFonts xmlns:xsi="http://www.w3.org/2001/XMLSchema-instance" xmlns:xsd="http://www.w3.org/2001/XMLSchema"><font id="00" name="Microsoft Sans SerifBold Charset204"><glyphs><g i="0" p="%^iQ$vLM$vLMGlZBGlZB$vsy$vsys9ZBs9ZBsiLMsiLMs9iQs9" /><g i="1" p="#^7FmwvBmwhz4u3xOr3xMn3xLjczshmB9fPE9flI9fsKqhAMHjAMMn%AMKo%DAKoOA2r2CisiDyt7FytwGytBHSsHIasLIEq%hMEqXLztXJZuYHmw7Fmw^_IVlFI3kxH0jqGYhPEYhfDYh7C0j$A3kHAVl" /><g i="2" p="#^PE9flI9fsKqhAMHjAMMnAMQrsK5ulImwPEmwiBmwaz5u3xPr3xMn3xGjazqhiB9fPE9f^PEytHGytSH6s1JGq1JMn1JQkSHojHGYhPEYhYCYhMBojBAQkBAMnBAGqMB6sXCytPEyt" /><g i="3" p="#^mAsiAA9h3ClgzDwf9FwfDIwfMKMhWM$jWMXnWMSrNK6uEImw9FmwpxmwpxNlpxwfwzucDBs9VGs9DIs9YIj9iJa9iJt8%KMt8KMqahMcbRLZbDKmcqJLcJGLcHCLcwBIemAEgmAsi^9FytZGytaI9snJLqnJXnnJ8laIKjZGki9FkilDki8CKjXA7lXAXnXALq8C9slDyt9Fyt" /><g i="4" p="%^KL$vKH$vZDOpbA$vcw$v3CrnGwwfFAwfZD3lgHwfgLwfSFqn" /><g i="5" p="%^RLbt8Obt8OfAIKfAIK$vrz$vrzfA$vfA$vbtyxbt#aAtpaAAgaAwfRLwf^oIkiBDki#hDPpbBbtoIbt" /><g i="6" p="%^4y$v4ywfxBwfxBAr8IwfGLwfGL$vdI$vdIWjCB$v" /><g i="7" p="%^4y$v4ywfICwfeHSrNLwfpQwfpQ$vZM$vZMzjJI$vMF$vxBzjxB$v" /><g i="8" p="%^ywkiywwf5Kwf5Kki2Fki2F$vCB$vCBki" /><g i="9" p="#^PF$v%4y$v%4ywf%PEwf$Kwf$K0k$KJmXIonIL3oILfrILpt5KIuvI$vPF$v^xBki%xBam%yEamdGamTGKlyHhlyHfkyHgjRGOi9GkilEki^xBZo%xBbt%VEbt9Ibt9I5r9IZoGEZo" /><g i="10" p="#^xBIl%MEIl_HIlQJ5nGLtoGLRqGLetQJDu$H$vME$v%4y$v%4ywf%xBwf^xBbt%EEbt7Ibt7IRq7IwoEEwo%xBwo" /><g i="11" p="%^4y$v4ywfxBwfxB5m7I5m7IwfzLwfzL$v7I$v7IWoxBWoxB$v" /><g i="12" p="#^7Iqr%7Iio%wGioHAioHAkrHApstB_sgCytIDyt0FyteGYstHms7Iqr^7ImupGmwUCmwoAmwMy0v9xFt9xur9xCl3HCl%7ICl7IgkYHzjOHSi3HpilGYhEEYh9BYh2BFk%DxFkYx9fNE9fXH9fLJrgzLJhzLql%zL$v%7I$v" /><g i="13" p="%^4y$v4ywfzLwfzL$v7I$v7IkixBkixB$v" /><g i="14" p="#^xBphXC9fLF9f0J9fOKthAMMjAMDnAMErAK$tBImwyFmwRCmwxBMu%xB5C%4y5C%4ywf%xBwf^xBPr9DytnFyt1Hyt1I5s1JDq1JDn1JOk4Inj8HYhuFYhjDYhxBtk" /><g i="15" p="#^PEmwiBmwaz5u3xPr3xMn3xGjazqhiB9fPE9fxH9fmJygcLWhxLTk%0ITkYHjj1HEi7GYhPEYhYCYhMBojBAQkBAMnBAGqMB6sXCytPEyt7Gyt1HTsYHbs0IEq%xLEqcLBtmJ_uxHmwPEmw" /><g i="16" p="%^PL$vZH$v$CfoxB_pxB$v4y$v4ywfxBwfxBhmbHwfcLwfbF6m" /><g i="17" p="#^4y$v%4ywf%xBwf%xBAr%8Iwf%GLwf%GL$v%dI$v%dIWj%CB$v^BJf9pJzb6IFcPGLdRELdSCLdzBFchAyb7Af9%xCf9UCibREibMGibbHf9" /><g i="18" p="#^tPjptPysgNhu4L$vZG$v%sy$v%sys9%zGs99Ks9gM1boOBcoOlfoOIidLYjeNjklOSltPontPjp^ZBEi%xGEiSIEiTJYhVKfhVKCfVK8eVJpdVIFcgGFc%ZBFc^ZBNs%XGNsRLNsRLjpRLwnKKHmDJRlzGRl%ZBRl" /><g i="19" p="#^vDwf%8Lwf%8L$v%HH$v%HHOp%uFOprEOpKDmq1DWqlCls%yA$v%Nw$v%2zrr4AspJBcpuxxouxrkux9i5zRgIAwfvDwf^HH_m%HHki%XDki1Bki1Byk1B_mIE_m" /><g i="20" p="#^izwf%1Mwf%1M$v%BI$v%BIki%LCki%LCiqLCQtAB_uqA8wmy8w9x8w8wXv%8w6tixkt1yktLykt0zOsizfsizmq" /><g i="21" p="%^fS$vqO$vTIfpTI$vrF$vrFfpTz$v2w$vLDknCwwfsAwfrFulrFwfTIwfTIulRNwfIRwfzKkn" /></glyphs></font><font id="10" name="ArticulateBold Charset1"><glyphs><g i="0" p="" /><g i="1" p="%^9y$v9yDrxCDrxC$v" /><g i="2" p="%^9y$v9yDrxCDrxC$v^9yhk9yVfxCVfxChk" /></glyphs></font><font id="20" name="Microsoft Sans Serif Charset204"><glyphs><g i="0" p="#^bIe9UMe9TPqcSSBfSSPkSS1qTPctUMnwbInwtDnwsActsx0qsxPksxBfsAqctDe9bIe9^9IRtwLRtFNtrOP4pOPPkOPxgFN9exLNbdINbRENbHC9exAxgxAPkxA3pGCsrQERt9IRt" /><g i="1" p="%^NQ$vTM$vXERksBeosB$vvy$vvyD9sBD9sBJkmMD9mQD9$GPi" /><g i="2" p="%^3Q$v4N$v4NhcsBhcsB$vvy$vvyD93QD9" /><g i="3" p="#^$AKhWCrfDFrfOIrfxKHhhMXjhMMnhMLrkK3unInwqFnwOCnw$AKu%$AdC%6ydC%6yOf%$AOf^$A8sRC6ueF6u5H6ubIwsiJWqiJMniJNkfIejdHGhmFGhZCGh$Ask" /><g i="4" p="#^nIKr%nI9o%pG9o8A9o8Ayr8ANs2BstZB6uxD6uYE6uhGttCHQsnIKr^nIkuaGnwICnwiAnwKy4vbxMtbxIrbx1mZG1m%nI1mnIhkbIvj$HJi9HcikGGhuEGhEAGhxAqk%FxqkZxrfEErfLHrfuJGgeLVheLxl%eL$v%nI$v" /><g i="5" p="#^HF$v%6y$v%6yOf%GEOfFKOfFK5kFKEmyIAnnLronLsrnLwtRJMukI$vHF$v^$A3i%$ABm%pEBmcGBm_G4mMHylMHkkMH9jYGCi8G3ibE3i^$AQo%$ALt%MELtoILtoIjroIQowEQo" /><g i="6" p="%^6y$v6yOf$AOf$A6sfIOflLOflL$vsI$vsIGjcB$v" /><g i="7" p="#^mzOf%ILOf%IL$v%RI$v%RI3i%fC3i%fCvqfCZt8B3v2A8w4y8wVw8w8w$v%8wGtZwVtLxVtHyVt0zetmzzsmzzq" /><g i="8" p="#^$A7m%CE7mOH7mzJsnlLNolL2rlLltzJGuOH$vCE$v%6y$v%6yOf%$AOf^$ALt%uELtnILtnI2rnImouEmo%$Amo" /><g i="9" p="%^6y$v6yOf$AOf$AwmnIwmnIOfeLOfeL$vnI$vnINo$ANo$A$v" /><g i="10" p="#^GErf8IrfcKFhhMSjhMVnhMXrcK9u8InwGEnwdBnw9z9u5xXr5xVn5xSj9zFhdBrfGErf^GE6uJG6u$HysiJ_qiJVniJPk$HfjJGGhGEGhCCGhkBfj2APk2AVn2A_qkBysCC6uGE6u" /><g i="11" p="%^3Q$v4N$v4NtlsBtlsB$vvy$vvyD9sBD9sBPi4NPi4ND93QD9" /><g i="12" p="#^$EnwqBnwfz8u5xVr5xVn5xXjbzHhhBrfGErf8IrfcKFhhMSjhMVn%hMBo%4ABogAprDBMs$C6u$E6uvG6uJHltXIAs$I9r%ZL9rDLFtHJ0vMHnw$Enw^eJkmUI$jFHRirGGhGEGhYCGhJBQiuA_j8Akm" /><g i="13" p="%^6y$v6yOfeLOfeL$vnI$vnI3i$A3i$A$v" /></glyphs></font><font id="30" name="Book Antiqua Charset204"><glyphs><g i="0" p="#^DL8v%GM8v8O8vrOxuLOVtLOip%LOWgLO8gxOTbaNMbFJMbwEMbOCTbGC8eGCpg%GCBpGCIqLCas%PCStRCJunDXuWD8vAE8v%DF8v%DF5wOD$vNB$vSz$vGw5w%Gw8v%Dx8viz8vyzwuPzUtPzBp%PzpgPzAcxzZbgzlbPxlb%Gwlb%GwoaqGwasJwaoLwaKUoa%KUlb%zTlbURlbLR1cCRJcCRWg%CRnpCRStQRvu2S8vzT8v%KU8v%KU5wSS$vkQ$vHN$vDL5w" /><g i="1" p="#^5xNo5xGm3yZk2zgjOAjizClhPElh3Ilh0KgjZLblZLooZLasqJpu8HpwZDpwWApw$ymu5xis5xNo^YzHnYzQqeB4txCjvZEjvPGjvXHVt4Jvs4JEp4JlnpIFlKHZjEGcjyFqibEqi_Cqi0C1j2BEjAAGkYz3mYzHn" /><g i="2" p="#^wwwi%wwEhuxLhayLh%1EEhEGEh3ImivJ3jvJwkvJ2n0FZnqKgoqKsrqKCthIQu8G2w9D2wEC2wsB0wmA$vbz$v5y$v4x5w%4xpv%IxcvmyYuuysuDyXtDydpDyJjty7jkywi7xwi^nBIidBQjdB_l%dBFn_BHnkCHniEHnpF$mxGimxG_kxGyi6DyiFCyinBIi^hB4vUBavpCavyEavXFjukHrtkHPrkHGqRG0qmGlp2FYoLDzorCzojCzodBCo%dBisdBOuhB4v" /><g i="3" p="#^uxVl%qwVlsw7lswDksw1kiwChozKhcAKh%NGKhVHKhHKChxK1kxKDkxK7lzKVl%vJVlkJhjXI3jyIRiXERiRENjREEk%RE_l%OECo%OE9sOE9uSEuuWEOueF0vzFdviGdv%nHdv%nH5wXE$v9D$vBB$vBz5w%Bzdv%HAdvIBdvYBQucCrucCqs%cCCocCBk2CRi%gBRiqyRi1y4jFxjjuxVl" /><g i="4" p="#^UBpk%1EwiREOhpFDhjGjhwHjheKjhVL$iANHkANlnANGocNZpQMfrgM3sJLTs1LqtPKCtaJEu%zI4vpHUvHG8w_Fow4FowmEowzDbwMC_vUBAv%UBKxUB2B_BpC1C$CmCgDICxDODxD%CExD%CEoEKBiEoAiEVyiEDwoE%DwxD%KxxDVyxD6z0DkzwCkzFx%kzhokzRldzwk9zTjVyGjGytjPxtj%Dwtj%DwwiKyiiNAFh%JBhhYBhhYBIh%VBkj^UBOsTCVtRDmuQEPuYFPunIPuFJ$sXKbrXKHoXK$mlKPlLJCkDIXjvHfjcGfjhFfjpEDjxD_jTCEkdChl1CQlUBemUB0o" /><g i="5" p="#^9PEh%9Pwi%4OwiIMwiDMljzM9kzMRo%BMtsCMiuFMyuIMNu$M$uiNdv4Odv%9Pdv%9P5wJM$vXK$vnJ$vnH5w%nHdv%tIdvuJdvJJRuZJsuZJks%ZJBlZJ3kcKejFJ4k6JQknITlQHHm%rEVrkC8vhBcwOAgwYyCw8zct8z4q8zKj_y7jRywiDxwi%xwwi%xwEhyyKh4AKhKBKhjEEh%jEwi%dDwiMCwikCGiUBQiPB9jKBtjKBBl%KB9sKB8tDBUtaCotrEZp%GGAmiHDlPJEh6LKhWLKhnMKh9PEh" /><g i="6" p="#^Kx5w%KxpvPyYuZywu7z4u7z6p7zJjZy7jPywiCxwi%wwwi%wwEhxyKh3AKhJBKhiEEh%iEwi%cDwiTBwiNBhjHB2kHB3n%HBHnhDFnVDFn3HFnPICozKzpzKtrzKEtpIQufG$v6D$v%Gz$v%$y1way5wKx5w^HBFo%HB6sHBxtLB$ukC4vPC4vMH4vMHMrMH9qyGopkFDoiDDo" /><g i="7" p="" /><g i="8" p="#^RGdv%XHdv8JdviJDusJ0usJzq%sJhmsJ7mqJvllJeklJOilIHiIGHi%jEHi_CHiNBOiJBBkJBhm%JBzqJBKtLBeuOBKu6C_urCdvcDdv%jEdv%jE5wSB$v3A$vwy$vww5w%wwdv%CxdvNydvYyFu7z4u7z6p7zJjZy7jPywiCxwi%wwwi%wwEhqyKhRAKh%zKKh0MKhDOEh%DOwi%yNwi9Mwi5Mlj1M9k1M$o%2MPr3Mqu7MFucMTuAM2vZMdvyNdv%DOdv%DO5wbM$voK$vQI$vRG5w" /><g i="9" p="#^mIXt%MIiu%8Ihv5HRv$F7wVEpwMDpwwBpwYzyvoyHuxx4tGwsrGwepGwgnkxPl_xlkazxjmAIi7CVhnDlhWElh5GlhXGxhNHJhMIdinIekmIem%nHem%nHulnHvk5H5kQGHjPFijPEViDDVizBVirAakkzqlkzWnkz8r_A4ttCQuOEQuJFQuBGCuuHnumIXt" /><g i="10" p="#^NC2cGCfeGCKg%GCspGC2uXCBudD8vLE8v%OF8v%OF5w6D$vyB$vaA$vGw5w%Gw8v%2y8v0z8vhzVuzzGuEzYtJzdtPzvp%Pzmh%MzceKzeclzObYylbrxlb%Gwlb%GwoaBytawBtaeDtalFnaJGjasHja8LjaQMFbuO$cuOhfuOYgwNuizM0kOKYk1JTl2HTl7GTlLEAl%sEqkNFNkHGNkOINk1KwjgLeigL0ggLTdXJGcDItb0GtbxEtbNC2c" /><g i="11" p="#^SB1jJBzkJB0l%KB3m%KB9sKBcuOBwuSBQugC1vGCdvqDdv%uEdv%uE5w4C$v3A$vvy$vww5w%wwdv%CxdvNydvYyFu7z4u7z6p7zJjZy7jPywiCxwi%wwwi%wwEhzyJh3AJh%DEJh%9HHhAIHhGJQhjJajcJOl%oIOlnI3kiIpjDGTivETivDTiSB1j" /><g i="12" p="#^OMtA%GLtA%GLMzGLAyxLFw$J$vGG$v%eD$v9z$vAxuw%EwtA%FvtAYvoyawevlyzu9zusZzoqZz7lZzBjOz3jEzwivywi%nxwi%nxDhGzKhfBKh%fIKhvJKhOMDh%OMwi%GLwijKwieKkjaK8kaKRoaKWteKmujKOuGK0v1LevyNevWMywOMtA^wHKiJGDiqDDi%fBKi%fBWjfBVn1BRpQANr6A6tozqupy2v%tD5vRF5vsH2vEHMsEHmoEHaozHKlvHvjvHuj" /><g i="13" p="#^_JxnYJQjRJajKJwitIwi%nHwi%nHEhoJKhXKKhAMKh9PEh%9Pwi%4OwiIMwiDMljzM9kzMRo%BMtsCMiuFMyuIMNu$M$uiNdv4Odv%9Pdv%9P5wJM$vXK$vnJ$vnH5w%nHdv%tIdvFJdvOJGuYJ7uYJqsYJ4r_JKo%SFGo%JBKo%LBytLBwuRBJuXBWujC4vICdvdDdv%jEdv%jE5wSB$v4A$vxy$vxw5w%xwdv%DxdvOydvZyFu8z4u8z6p8zJj_y7jQywiDxwi%xwwi%xwEhyyKh4AKhKBKhjEEh%jEwi%dDwiKCwiiCHiTBRiOB8jKBqjKBAl%JBxnODInZGInXIIn_Jxn" /><g i="14" p="#^Pz5wNy$v7y$vJx$v8w5w%8wcvXwbvYx5uNA8rgDQoiAGo6zRnXx$mXxllXxHjczCiuAxhWCxh4ExhMFEhAHLhpILhZILhXLEh%XLwi%SKwi6KwiOJKivJXirJbjoJqjmJxllJDnlJ$o%mJPrnJqurJFuwJTuVJ2viKcvSKcv%XLcv%XL5wUL5w4L3w8J_vxI_v%oE5w%oEcv%fFcvkGcvAGGuQG8uQGDq%QGTo%qGTo_D7rPz5w^QGSn%QGcmQGTjJGBikFnimEni_Cni$B4j0BMj0Bkl0B6oQE6o_F6oQGSn" /><g i="15" p="#^1NEh%1Nwi%YLwiAKwivKkjrK8krKRo%sKsstKiuwKyuzKNuSK$uaLdvYLdv%1Ndv%1N5wBK$vPI$veH$vfF5w%fFdv%mGdvrHdvEHKuRHfuRHNq%RHGl%QHtj%RHFiCGvidEviiDviMBBiMBpplBErXATtDz5vkyjw8xjwFwjwYv5w%$vvv1w3v1wXu1wSu$vuuZvfuYvPt%iwEtWwsuQxsudzsuQzKsrA$qrAblrAyjhA1j7AwiYywi%Sxwi%SxEh9AKhIBKh%PIKhkKKh1NEh" /><g i="16" p="#^MzJoRzJriBhtMCQu8FQudGQugHuukI7umJqt%DJFt%7JXuSHGvwG1waFpwMDpwFApwLysuSwusSw7pSwzmXxHkDysjwApiqClhcElhVGlhuIXi3Kwk3Knn%1Kgo0Jwo6IBotGJoADJo^PzznaCGn1FGnaGGneHzn%eHJmeHnlIGaknGqjxFWiHEqiBDqiTBqiSAGjRzWkPzzn" /><g i="17" p="#^4IepmF7r1D7rAB7rzACqyz4q7zbpJyioJyxm%Jy$kJyejsyTicywiexwi%7wwi%7wEh8yKhHzKhkBKhVDEh%VDwi%PCwiPBwizBSikBbjkBcl%kBxmkBOnvBhoGBMojC8pZCwp4EwpbGwp4IUn2Iyl2Ijl2IAjUH2jKHwizGwi%tFwi%tFEhtHKh0JKhFKKhfNEh%fNwi%aMwiOKwiJKljFK9kFKRo%GKtsHKiuKKyuNKNu4L$uoLdvaMdv%fNdv%fN5wPK$v0J$vsH$vtF5w%tFdv%zGdvJHdvTHHu2I8u2Iqs2Idr4Iep" /><g i="18" p="#^9PEh%9Pwi%4OwiIMwiDMljzM9kzMRo%BMtsCMiuFMyuIMNu$M$uiNdv4Odv%9Pdv%9P5wJM$vXK$vnJ$vnH5w%nHdv%tIdvuJdvJJRuZJsuZJks%ZJBlZJ3kcKejFJ4k6JQknITlQHHm%rEVrkC8vhBcwOAgwYyCw8zct8z4q8zKj_y7jRywiDxwi%xwwi%xwEhyyKh4AKhKBKhjEEh%jEwi%dDwiMCwikCGiUBQiPB9jKBtjKBBl%KB9sKB8tDBUtaCotrEZp%GGAmiHDlPJEh6LKhWLKhnMKh9PEh^xCqe%qC_dODadyEyc2HVdxK9e%CKDe%DJ5f%cI7f0G7fxCqe" /><g i="19" p="#^5CNr%wCesFBluEA2wDzMxYxTz%FwxA%cw2Axx$x8ylwMyHu_yKsLAjs5CNr" /><g i="20" p="#^NwgE%vxTB%SxTBgynCGyCC5zSCwzSCtASCeBXB0C1BEDRwZC4vYA5q%xzBm%oyWjSxviNwvi%awvi%awDhMxJh_yJhWzJhoDDh%oDvi%gCviHBviqBIi9BVi9Bbj9BrjrBfk_Cto4Flt4HUoAINk0JAj0Jjj0JQi_HGi%SGvi%SGDhFIJh3KJhoLJhKMDh%KMvi%cMviRLvitLJi6LWiUKhjoK3k3IdpqHEqOEVwuCbCaCICABJDEAfEJzOEDyOEbyOEJxFEgxwENwgE" /><g i="21" p="#^LBYuBC4vuE4v%DF4vAH4vnIYu%pILopIsjhI_i9IwiXGwi%RFwi%RFEhRHKhpJKh1LKhDNEh%DNwi%xMwicLwi5L8j$KLj$KIo%3LYu$L4vON4v%ZO4vQQ4vERYu%IR8pIRQjCRajwRwifQwi%8Pwi%8PEh9RKhISKhlUKhWWEh%WWwi%SVwitUwioUljkU9kkU$o%mUPrnUqurUFuwUTuVU2viVdvSVdv%WWdv%WW5wvU$vIS$v%3A$vwy$vww5w%wwdv%CxdvNydvYyFu7z4u7z6p7zJjZy7jPywiCxwi%wwwi%wwEhxyKh3AKhJBKhiEEh%iEwi%cDwitCwi9CKiSBXiOBbjLBqjJBFlIBTnIBYo" /><g i="22" p="#^9RGh%9Rwi%4QwiIOwiDOkjzO8kzO$o%AOHrBOnuFODuKOTu7P2vwPdv4Qdv%9Rdv%9R5wKO$vWM$vnL$voJ5w%oJdv%tKdvwLdvLLNu$Llu$L5r%$L9k%oJBpRHNswGbw%wFbwXEAu6EKs%9Dzq%iAOj%iAWq%jAetkApuoACusAPuMA0v5BdvNBdv%SCdv%SC5wPC5w$B3w9A_vqz_vSy_vww5w%wwdv%CxdvNydvYyFu7z4u7z6p7zJjZy7jPywiCxwi%wwwi%wwGh%kxHhXyMh$yMh0zMhgAIhxBEhyBEhBBEh0CGhmD6lwENn%NGZs%oJnnVK6kgLbj%ULGhWMKhINKhjOKh9RGh" /><g i="23" p="#^MwQi%HzphEANhgBvihCDjwEjnvGGkzIFh9JKhzJKhTJKhVKFh%VKyi4KBiAJ1jLILjbFbofHdrEI1tBJguaKBuxKNukLNu%kLGvWJ$vhIuwvHWvZGfvDGPuBDfq9C0snB5tCAauqz5wNy$vgy$vJx$vMw5w%MwavyxavPx1v5yUujzxt5BzrUCip2A3ldzlkoyCjrxCjbxCjMwEj" /><g i="24" p="#^ayul%bysk%aypj%RzsiZAPhPBAhFCkhDDkhKFkh0HhijIdjzIHkLINlOI8qQIeuZIGu7J5vKJ5v%XK5v%XK5wbJ$vvI$vFH$vdG5w%eGKueG4udGpt%3DQvDC8wdCgwPBpw4Bpw6zpw3yrv1xtu1xQs1xirMx8qwy_oTzroeBUndG$mbG3lmF6kkEVipCViGBVi1B5joAgjRzDjozJk1zIl^dGVnZBQoQADpHzqqHz5sHzetlAWt$ABu1CBuaDBudEYtgFjtdG2s%bGFo" /><g i="25" p="#^IBso%IBpqIBeuXBKubCdvtDdv%pEdv%pE5wnE5wAD3wpB$vHA$vyA$vEw5w%Ewdv%wxdvRydv_yBu8zZt8zpq%8zTl8ztjWy$iJyxiDxxi%xwxi%xwFhvyKh4AKhtCKhlEFh%lExi%aDxiGCxifCIiQBSiMBcjIBxjIB$l%IBBn%TBInUDemxGIj%LIFh%PLFh%PLxi%gLxiFKxihJqjWHikpEbnOGppwKKtLLbvNMcv%NM5wHM5waM3w3L$vSK$vuK$v0J5wUEUqTBso" /><g i="26" p="#^4Lg9%YLg9QLgbiKhcNIid$GidkGid2F8d1E1deD1dEB1dtAceiznf_yJhHy3kHyAkHy2lNySlHAihwFiheIihmK3jvMPkvMnovM0s8KduOHpwxEpwmBpwszguzx6szxCmzxckUxiheyoeWy3dCzKbVA_acCdaZDda5FdakGqaWHFaKIFaoKFa4Lg9^JEoiOCoiEBLjvA6lvATnvAKqNB0t4DhvvFhvlHhvuIStDJrsDJDpDJomkIok2HoiJEoi" /><g i="27" p="#^OD5w%ODdv%GEdv$Fdv8GBuiGZtiGpq%iGgo%JFgoeEKpHAHu$zFvFz5wCy$v1y$vKx$v8w5w%8wcvSw6vGxquvyKtzA2rLCcoHDbnrAekgzoj5yyiuxyi%$wyi%$wFh%UzFhlA5iQBIj0E5m_FPn%iGPn%iGTliGvj4G1jTFyiNEyi%HDyi%HDFhCFKhwHKhtJKhlLFh%lLyi%fKyi9JyiYI0jLIujLITl%LIPn%1JPnDKzmdNIjHO6i8PFh%2SFh%2Syi%xRyi$QyiMPqjxOiklLbnDMDovO2rFQRtpRuu9S6vTScv%TS5wSS5weS2wpR$v3R$vuQ$vsP5w1PAvjOBuuKepkJgo%LIgo%LIpqLIXtTIAu0JdvlKdv%fLdv%fL5w%qK4wXH$vxH$vFF2wOD5w" /><g i="28" p="#^Kx5w%KxpvQy_uZywu7z2u7z7p7zIjZy6jPywiCxwi%wwwi%wwEhxyKh3AKhJBKhiEEh%iEwi%cDwiTBwiNBhjHB2kHB3n%HBHnhDFnVDFn3HFnPICozKzpzKtrzKEtpIQufG$v6D$v%Gz$v%$y1way5wKx5w^HBFo%HB6sHBPtMBZuwC4v_C4vMH4vMHMrMH9qyGopkFDoiDDo^HKwi%HKEhIMKheOKhUPKhtSEh%tSwi%oRwi0QwiXPkjTP8kTP$o%UPHrVPnuZPDu2QTurQ2vQQdvoRdv%tSdv%tS5w1Q$veO$vHM$vHK5w%HKdv%NLdv_Mdv8NDuiN1uiNKoiNJj8N7j_MwiNLwi" /><g i="29" p="#^VzQsDAQs8BmtGBTtGBDuGBlv8BTvDApwVzpw9zpwDyTv6ylv6yDu6yTtDymt9zQsVzQs" /><g i="30" p="#^IwelIwdgXz9daD4azI4aRN4aRQWcRTMfRTukRTzpmQ_sUMpwBHpwhEpwTB3vuzJt5y8rIwzoIwel^Pz_jPzrn_A$paCys9EQt8G5vHI5v2L5vPM0uBOWsCPNqDQDoDQylDQjivP0gnOJdqMzctKobOHobmFobBDqcQBrdPAqfPzohPz_j" /><g i="31" p="#^Tw4v%nwRt%FwDtizkvKBkvvDkvnEqufFwtfFZrfFiqaExp5DMoHAMo%_zMo%_zPn%vAPntEPntE_ktEPjFD8jSCsipBsigysi2yQl%gxQl%gxllgxWicxribzhhRBhhlEhhKFbi7H4j7Hyk7HPlYFMmNEInKC9o6I9o6IIr6IJttG3vQEpw$Bpw5zpwTw4v" /><g i="32" p="#^PFFD%3FpEvCSB8BAzOzix2zyujyOrjyLojydlgzeieAffHBbd9D7b9Ff9%PF5a2Ecc1Dge0CjguBLiZAblZAnoZAKrsBkuXBVwRCUyMDTAPFFD" /><g i="33" p="#^Bw0a%lxf9VzObfB4eCCmglD6j5ESl5EVo5Ers7DqvaCoyIAsAfzwCfxpE%BwzDmytBmzpznAlxVAVurBtsrBiprBWlXAkjsAKgxzLeDyMcBw0a" /><g i="34" p="#^$DHn4FFnqGFnhJFn4LBoUMxpUMurUMEtJKQuzI$vqF$v%_B$v%jB1wvA5w2A5w%2ApvcBXujBsurBZtrB1o%rBTi%jAQi9yQiUxcjDxzjsxVl%owVlqw7lqwDkqw1kgwDhkzKhaAKh%oCKh$DKhCGDh%CGwi%xFwicEwi5Ehj$D1k$D3n^$DFo%$D6s$D9t0Evt3EBu3E$uGE4vhF4v5K4v5KNr5K9qSIopEHDoDFDo" /><g i="35" p="#^1FLo%zELoUDJoJDJo%JBLo%LBytLBxuRBKuXBWujC4vICdvdDdv%jEdv%jE5wSB$v4A$vxy$vxw5w%xwdv%DxdvOydvZyFu8z4u8z6p8zJj_y7jQywiDxwi%xwwi%xwEhyyKh4AKhKBKhjEEh%jEwi%dDwiKCwiiCHiTBRiOB8jKBqjKBAl%JBxn2DEnyDEncEEn6FxnzFKkDH0jHJihQMihTPihURajVT2lVTmoVT0syRdubPpwXLpwSIpwXGmu1Fis1FLo^7MqidKqi2JOjUHalUHVnUHNqaJ2ttKjvVMjvLOjvTPUt0Rts0RFp0RpmJPqkqOqi7Mqi" /><g i="36" p="#^MBYuCC4vvE4v%EF4vBH4vnIYu%qILoqIsjiI_iaIwiYGwi%SFwi%SFEhSHKhqJKh2LKhENEh%ENwi%yMwidLwi6L8j0LLj0LIo%4LYu0M4vPN4v%_O4vRQ4vFRYu%JR8pJRQjDRajxRwigQwi%9Pwi%9PEhaRKhJSKhmUKhXWEh%XWwi%TVwiuUwipUljlU9klU$o%nUProUqusUFuxUTuWU2vjVdvTVdv%sXdvRWBwJWtA%FVtA%FVMzFVsyuVNwlU$vOP$v%4A$vxy$vxw5w%xwdv%DxdvOydvZyFu8z4u8z6p8zJj_y7jQywiDxwi%xwwi%xwEhyyKh4AKhKBKhjEEh%jEwi%dDwiuCwiaCKiSBXiPBbjMBqjKBFlJBTnJBYo" /><g i="37" p="#^DFlb%ZElb9DlbUCSbECmcECpg%EClt%UFIo%zKUh%APoa%VRwaoSwanVoa%nVlb%bUlbHSlbsSVbeStceSWg%eSnpeSTtsSwuHS8vbU8v%nV8v%nV5wuT$vYQ$vjO$vfM5w%fM8v%iN8vMO8v3PxunPVtnPip%nPWgnPIfvPNc%DFirICAvlCRv$B5wzzvwPzKsPzSp%PzpgPzucwzWbezlbPxlb%Gwlb%Gwoa2zva0BvaJDvaDFoa" /><g i="38" p="#^RwVp%FwHp6xxoqxunFzAn8BAnmCAnDFun%LFIneFSo$EVpVCMp9BMpbzMpRwVp" /><g i="39" p="#^8PdvxOCwpOtA%lNtA%lNMzlNtybNNw1M$vuH$v%SA$vry$vxw5w%xwdv%DxdvPydvZyEu8z2u8zDo8zHjZy6jPywiDxwi%xwwi%xwEhyyKh5AKhLBKhkEEh%kEwi%dDwivCwi9CLiPBZiMBqjKBTjKBan%KBrrKB9tOBXuZC2vkE2v%JG2vkI2vmJXumJounJVt%tJrr%tJantJJjiJ7j8JwiYHwi%SGwi%SGEhSIKhpKKh3MKhEOEh%EOwi%zNwibMwi6Mlj2M9k2MKo%3MQr4Mru8MFudMTuBM2v_MdvzNdv" /></glyphs></font><font id="40" name="Arial Charset204"><glyphs><g i="0" p="%^vy$vvyD9sBD9sBPi4NPi4ND92QD92Q$v4N$v4NslsBslsB$v" /><g i="1" p="#^DI$t5HivHFQvhEmwFCmw_zmwyy3v7xLt7xJr7xxqFxypcyzo4zZnYznn3B3nSBSmvDFmQGfmoIIlpI8lpI_kpIjjEHDiAGHhvEHhzCHhEBniJA2jhANk%BxpkYxHiOyDhEzzgdB$fPCqfVEqf_GqfhIVfAJogbK8hOKTh1L$iaLIjaLyl%aLcpaL1tlL2uxL3v2M$v%aJ$vLI8vDI$t^oISnVGtoVDUodC8pwBspPALpqAlq2AWq2AEr2AKsTAttJBcujDcuVEcu8GwtnHPsYHCroIHqoISo" /><g i="2" p="#^WJ59%lM79bMLaDLob3L1cbKdcjJpcLGpclDpc6C3dTAJdkA9fOzBgKzTiMAkh9CzgyDNfhFNftINfzK_hFMakFMVnFMLqBLzsyKnu6JnvGHmwaFmwiCmwHA2v5zJteyFrnxBpnxuknx3eyzRbKBC9fGC92JC9qJw9PJq9WJ59^NJQnNJilAIHjnH3icF3iXC3iIBNjtAultAkotA9rQBFsbD8ubF8ueH8uvIqsNJHqNJQn" /><g i="3" p="#^2ycC%2yNf%zANf%zAUhrBFgyC2gGDqffFqfkHqfVIvgvKzhjLwj7Msl7MMn7MfqdLfskKeuDIivXGmw3FmwHDmwBCNvvBcvOAju%OAcC^yA_nyA5rPBBs4D5uTE5uIG5u$HysjJ$qjJLnjJFk1I7jMGAh$EAheDAhUBdjyASkyA_n" /><g i="4" p="%^3yNfPANfPAxmqIxmqINfaLNfaL$vqI$vqIPoPAPoPA$v3y$v" /><g i="5" p="#^1xUn1xojxzdhDBqfDEqfZHqf5KChdMOjdMFndMNqgLAskKnuxInvLGmwDEmwdBmw7zbu1x$r1xUn^SzUnSz$qcByszC5uDE5uGG5u1IysoJ_qoJOnoJOk0IfjFGHhDEHhzCHhcBejSzNkSzUn" /><g i="6" p="" /><g i="7" p="#^ozNf%9MNf%9M$v%qJ$v%qJ3i%8C3i%8C8q8CYsYBStNBLuYAqv7A5wAy5wCx5wmw_v%mwHt%zxHtqyHtNywt9zltgzZsozAsoztq" /><g i="8" p="#^3yNf%pENfJGNfSHag0JzgPJBhDKDiDK5kDKfl8K6mGJZmJIynSJXnCK_onL1qnLsrdLMtJJUueI$vnF$v%3y$v^PACm%LDCmvFCm9GqmPGemkHHlRH7lRHlkRH3jXGzi1G3iQD3i%PA3i^PAKt%rEKtMGKtDHctvIFsyIkryIyq2IUpyHdpKG2pWFSo8ESo%PASo" /></glyphs></font><font id="50" name="Arial"><glyphs><g i="0" p="%^PyWiPyNfXBNfXBWi^Py$vPySsXBSsXB$v" /></glyphs></font><font id="60" name="TahomaBold Charset204"><glyphs><g i="0" p="#^IODkIOzndONpLN$rJMttGLYu0KJvmItwXFtwyDtwTBJvdAYuazrt7yYrFxMpbxznbxEkbxDhExuf6yldczPbgAiaXBz9DDP8XFP8oIP81KB9GLmaKMTbMNndeOAfIOMhIODk^_IDk_IpghIJeBH0dXF0djE0dCDJeVCpgVCFkVCPoCDyqjEgsXFgsAHgshIyq_IPo_IDk" /><g i="1" p="" /><g i="2" p="#^JMAhHNzifO1kQOulQOEnQOFrrM5u2Kxw_FxwxBxwmzFtcxMqcx$kcxVjixNipxEhOx0g6yGeIyldjz$b9A9b6BaaKCt9nEL8jHt8IIk8CKe8wM88EN68%EN7cHMacTLdc4Lfc2KkcpJncmItckHzcBGIcJFUcYEhdcEFdJDhelDLe6DyfTCkgMCthUDFg8FagpGHfRHHfhJHfxK9gNLDgJMAh^fIKrKI8r1JhqkJqpkJQnkJ_lnISkrHKjTFKj9FKjmEWjAD6kICBkICLkHC1lHCjlHCylHCLnQCVoZC2qrD0rQDRrvEhsaFIs3GIszGIsaHtsOHesfIKr" /><g i="3" p="#^uHwr%uHYn7G5ohFbosEhoEDAoXCQoyCkp9CPp9CEq9CRrOCissDKsJEKsqFKs9GqsUG5suHwr^uHauXGEuvG$u3GmvkFKvCE4wWDgwfDsw1CswMzswfyWuLwotLw4rLwapwx$nhyQmJz8maBrlaDalbFUkwHKk%wHEkwHdjtGHiqF8ikD8ioC8i7BuiSzQiEymj%bymj%bydf_y$eLAHewCnekEneLIneMKRfOMjhOMkk%OM$v%uH$v" /><g i="4" p="#^nO$v%1J$v%1JDi%REDiOEJjMEokLE3lJEVlCEmoiEVp$DsrxDss4DrtBC$t6CzuyB2v0Bvv1AOv3z5wfy5wzx5wTw2wcw$v3w$v%3wFr%dwFrhwFrqwGrAwHrIwHr4xHrtxCrTxwr7ygrbzbquzpoNzDmUzpkXzcj$zJh3Aeg5ASe%nOSe" /><g i="5" p="#^uOrnuOFraM5uSJxwEFxwrBxw6z5uNwFrNwrnNw9j6zLgrBkeEFkeRJke9MMguObjuOrn^0Jtn0JXlLIWkvIVj3IhjBHFi$GpipG9iEF9iWE9ilEniMDBigDdjPCPjxCSkgCUlgCtngC1pwC$pNCZqbDyrDD8sgEqsVEIsHFIskGIs_GqsFH8s2IBrwIXqMI0q0J5p0Jtn" /><g i="6" p="#^9OPq9O3sFN1taN_tlMDujLqv9KJv0J$vqH$v%1y$v%1ySe%_GSeSISeKJ_eDK5fuLAfnM3gPMTggNGhgNOigN4kAM1lULZlSKtm%SKEmhM_mdN2o9O6p9OPq^XH1kXH1jmHFiOGhiyFhi%kDhi%kDHl%EFHlLGHllHflXHPkXH1k^IIFqIIxp4I5psHEodGEo%kDEo%kDzs%jGzsrHzs3I2sIIxrIIFq" /><g i="7" p="#^_N$v%Zy$v%Zy1s%MD1s%MD0g%Zy0g%Zyjc0Ajc2Bac5C1cJCKbsDmbSDLagE7akEc9%iJc9%iJ1s%_N1s" /><g i="8" p="%^fPIqbMIqbM2wGG2wGGIqGwIqGwsmuGg9bMg9bMCmfPCm^GGCmGGTeWACm" /><g i="9" p="#^_O$v%iy$v%iyhsqACq6C6pODCn4FgmJGwktHbjeISheIsgeITehH1elGadEEadNDad$CodeCCdrBXdFAie6AGezz1fhzcf%Rycf%RyfaPzO9RBj9UDQ8NFQ8QJQ8VLEa$Nrc$NIf$NIh2NEj6MAlVJNnxI8peHcqXFgrmFIr%_OIr" /><g i="10" p="#^WOFpWO7rjOosJNEtzMzupLtvKJ$v3IwwVFwwDDwwUB_vaAsv4zzu_xFttxrsYwdrYwSpYwVn1yCm6zjl9Brk%9Blk9znjmy_hzxBgzxUezxEd6yycFyrbMzzaOAL9oCf9_DL8ZFL84IL8EJc9cLF9dMoafN8bONcclOfdlOuelO6gpNqhtMJixKCj%xKHjOMCkSN5mWOAnWOFp^QI9fQI$d3IjdiHCc_FCcKECcYDedbDSdbDNebDIfFDgg7EPg6FhhxFvh6GKhIGYhHHkihIyhyIQgQI5gQI9f^iJVpiJOoQIcomIBnOGSmmGEmwFkmHE$l2EJlsDjm_CcnwC4owC7pwCJqwDGrxECsbGCsDGCsbHtsMHjsdI0sIIFr$IbriJJqiJVp" /></glyphs></font><font id="70" name="TahomaBold"><glyphs><g i="0" p="%^NH5oGx5oGxRjNHRj" /><g i="1" p="" /><g i="2" p="#^_N$v%Zy$v%Zy1s%MD1s%MD0g%Zy0g%Zyjc0Ajc2Bac5C1cJCKbsDmbSDLagE7akEc9%iJc9%iJ1s%_N1s" /><g i="3" p="#^qO6pqONqON9sbNwt$LuuOKrvaJYvyHtwcFtwyCtwEA0wLyAvzx1v%zx6q%6y6qmzUq2BurKC3s7E3sYE3sWFWrUGMryHhr3IUqnIlqHINpHIMoHILneIdnOHGm3HqmlGamjF8miE6mwD6m%xC6m%xC6i%rD6itE6ilF0idGWhQGFhrHmhNHRg7Ikg7Irf7ILeOHjeuHTd0HEdsGmdJFgd$EadtEadEDadMCndUBAd4BTdrA7eKzwe1zVeHy5f%dy5f%dyeaozK9nBg9nDO8sFO8uHO8ZI99sKv9wLaaGMUafN$bQN6dQNueQNqgIMUhBLljLJMj%LJ_jzK6kkLpk6MHkRMllxNXlZNTmqOPnqO6p" /><g i="4" p="#^_O$v%iy$v%iyhsqACq6C6pODCn4FgmJGwktHbjeISheIsgeITehH1elGadEEadNDad$CodeCCdrBXdFAie6AGezz1fhzcf%Rycf%RyfaPzO9RBj9UDQ8NFQ8QJQ8VLEa$Nrc$NIf$NIh2NEj6MAlVJNnxI8peHcqXFgrmFIr%_OIr" /><g i="5" p="%^uONdPE$vty$vCIzdNxzdNxg9uOg9" /><g i="6" p="%^fPIqbMIqbM2wGG2wGGIqGwIqGwsmuGg9bMg9bMCmfPCm^GGCmGGTeWACm" /><g i="7" p="#^IODkIOzndONpLN$rJMttGLYu0KJvmItwXFtwyDtwTBJvdAYuazrt7yYrFxMpbxznbxEkbxDhExuf6yldczPbgAiaXBz9DDP8XFP8oIP81KB9GLmaKMTbMNndeOAfIOMhIODk^_IDk_IpghIJeBH0dXF0djE0dCDJeVCpgVCFkVCPoCDyqjEgsXFgsAHgshIyq_IPo_IDk" /></glyphs></font><font id="80" name="Tahoma Charset204"><glyphs><g i="0" p="%^ZFrnmxrnmxGkZFGk" /><g i="1" p="" /><g i="2" p="#^REnw5DnwDBRv9Aiv6zbu2y5ttxqrUwLpUwvnUwfluxDj5y_h6zTg6ALfCB9f7DyeREyefGyeyHYeSIlfTJSf%TJ4j%IJ4jpJQiWIvirI9iLHOh9HvhlGghyF1hOE1hzC1hdBJiTzpkTzvnTzwqaBcsuCUtOEUtcGUttHjtKIKsIJPr%TJPr%TJ1vsJevPIwvaIOvFHXvWG8wlGfwMFnwREnw" /><g i="3" p="#^rLQqrL4sYK1tuK_tGJDuDIqvuHJvmG$vME$v%3y$v%3yYe%kEYecGYe3H3fXHafOIFfHJ8g6KYgyKLhyKTiyK5kTJ3lcJ1m5Izm%aIGmzJ0nvK5orL9prLQq^CHjjCHKipHjidHThLGEhcGlhwFihREehEDeh%VAeh%VAVl%cEVlfFVlHFPl8GIlGGolaH4loHzkCH2kCHjj^tIRqtI_pdIspZHWo6HwoAGfoZFcomF8ohE8o%VA8o%VAIt%oDItXEItNFAtEGstfH5tUHIsaIbstIFrtIRq" /><g i="4" p="%^xL$vHI$vHIhjFA$v3y$v3yYeVAYeVAsrRIYexLYe" /><g i="5" p="%^HM4A0K4A0KYvNyYvNy4A6w4A6wytfxyt#HyarCzln#yAvjyAYe_KYe_KytHMyt^7Iyt7ImheDmh#2DalbCko#lBtr3Ayt" /><g i="6" p="#^tFowoBow8z5uUwOrUwznUwpj3zXgfBteNEtenGteBHWePInfJJngDKlh7LMiDLakDLdm%DLMn%PzMnPzLqiBksOCUtrFUtoGUtiHGtcIstXI7tIJMseKrsNK6s7LQr%hLQr%hLYuOK9v2KsviJLvIIWvSH8waHgwvGowtFow^QIAlOIpkyIAjjIKiRH9ilHwhyGbhMFRgCERgtDRgFCbhSBxhcBbizASieAGjVzukPzAl" /><g i="7" p="%^wKthJEthJE$vSB$vSBth2wth2wYewKYe" /><g i="8" p="#^gL$v%oI$v%oImh%xCmhvCDisCOjpCYkmCVlgCio2CWpQBxruBws9BwtLA5ulAFuRz6vjzzvJyOv7y0wnx0w8x0wLw$vnw$vdw$v%dwut%nwutuwutBwvtIwwtSwwtexwtAxqtXxjtcy0tZygsjzpqGzxoQzalUzWjXzdi_zvg1AYe%gLYe" /><g i="9" p="#^ZKJqZKYrtKZs_JZt7JBu7IlvZGGvQF$v1E$v%3y$v%3yYe%XAYe%XAAl%6EAl1GAl5HNl9I_lcJMm5KqnxKsoZKtpZKJq^0IMq0I_pLHppuHPoTGroeG3opF_nBEVn4DVn%XAVn%XAIt%0DItxEItnFAtdGrtQG4tsHHsKH8s0IBr0IMq" /><g i="10" p="%^tLYeiChCezhChCav4wYebzYeQDzrtIYe" /><g i="11" p="#^WSunWSMrSQ7uOOtwoLtw2Itw4Ggu7E3sXDeo%XAeo%XA$v%3y$v%3yYe%XAYe%XAUl%$DUlmEpikGrgiIteoLteZOteXQWgWSmjWSun^ZPunZPdkMOBiANYgoLYgaJYgZHCiNGfkNGunNGHq_HlsbJ$toL$tAN$tMOosZPNqZPun" /><g i="12" p="#^5Mun5MNr0K7uXHtwuEtwXAtwUy2uSwDrSwunSwcjYyRg3BteuEteXHte0KQg5Mbj5Mun^7Jun7JakWHziJGYguEYgfCYg1BziQzakQzunQzHq1BlsfC$tuE$tIG$tVHns7JLq7Jun" /><g i="13" p="%^TN$v1L$v1LBiYGirPEirLABiLA$v3y$v3yYexBYe0GpolKYeTNYe" /><g i="14" p="#^9Kth8LtiHL1kfMAlfMCnfMApCLfr_KWsWJ3uQIgvuHTv9GtwAEtw_CtwEBVvjAlvmzbubyKsBxzq0xno0x9l0x0k6xRidxFhyx$fSxxenyhdUy0cKz9bPA0azCl9jEG8bHq8dIk8nJf8yK989L68%9LLamKOasJTazIXapH1bSF9bbEAbwC_bFBTc0BxdDALefAZf5AthdBFgwC6gPDyfiFyfHGyfXH0gbJtg9Kth^kJNnkJ3l6IDjUGaiDEaioDaieCAi4B_i2AGj0A3k_zBkYz6lYzylYzbonASpPAwrABtsgCkt1DFtOD_tHE_tUG_t6IkskJFqkJNn" /><g i="15" p="%^xL$vFI$vFIjoXAjoXA$v3y$v3yYeXAYeXARlFIRlFIYexLYe" /><g i="16" p="%^xL$vFI$vFIqhXAqhXA$v3y$v3yYexLYe" /><g i="17" p="#^JKJqJKYrdKZsJJZtTIBuSHlvJGGvAF$vND$v%3y$v%3yYe%XAYe%XAAl%RDAlMFAlQGNlUH_lYIMmQJqngKsoJKtpJKJq^LHMqLH_puHppdHPoCGroZF3o9F_nlEVnPCVn%XAVn%XAIt%LCIthEIt6FAtYFrtzG4tbHHstH8sLHBrLHMq^zP$v%IM$v%IMYe%zPYe" /><g i="18" p="%^VIthXAthXA$v3y$v3yYeVIYe" /><g i="19" p="#^xL$v%HI$v%HIhj%FA$v%3y$v%3yYe%VAYe%VAsr%RIYe%xLYe^fK17fKl8WJq9CJva0JdbkI1csHrcAGRcdFRcZDRc1Dqc5C$bsBdbQAtavAp9bAk8bA17%FC17FC59iD$9XDVadFVarGVa5H0aMH79MH17" /><g i="20" p="#^mM0nmMhrkKPtiIkwaFkwVDkwWC1wYBLvXA8v%XAhC%3yhC%3yYe%XAYe%XAKg$BMfiD7fCEte9Gte4JteJKOgmM6jmM0n^pJlnpJqktIPiyHchsFcheEch5DLhYBiiXA8j%XAOs3CmtSCztGDLtIELtXGLtaI7spJuqpJln" /><g i="21" p="#^pK$v%yH$v%yHep%IEep%Fz$v%jw$v%OBZoGzloHy6nIxTlIxOjIxxifyAhPyDgMzZfxAsfHBcfRCYehEYe%pKYe^yHZm%yHeh%rEehrDehSClhiCshMBLhcB5iWAGiEAejEAUjEAKkQAgl1BNlxBem3CHmQCQmCDZmwEZm" /><g i="22" p="#^UK$v%0I$v%0IlpGGNppF1q8EgqVCgqQBgqOA_pMzIp0z3pgyqoSxqnsxqmsx3l%sxYe%kAYe%kAAjkAIkqAnlwA1mWAFmgBbnZBunHCMnRDMnSEMn$FAn9Hnn0I5n%0IYe%UKYe" /><g i="23" p="#^mJhrmJJsKIIt6IHu7HhvcGRv$E6wPDowDCowYAowsz3wYxKvuw$u%uwRr%FwRrIxOsgzmtQAWtoCWt3DWtQDNtBEDt7FktQFUs7GpsqGWrqG3rqG8q4GBpLF1p8FMoyEuoPDqo4DlofClo%eAlo%eATl%NBTlmCTldDRl5EOlCEBlgFmlFFVk3Gsk3Goj3GDiJFaioFJhUEthnEbhMD5h9D$gAC$g8B$gOzphtyOhvxBi%jxBi%jxvfqy6fLzQe5BxerCxewDxeEEMeMF_eMGwfJH1gmIXg$IRh$I9j$IykcIBlqHEm7GZm%7G4nyHznsIAomJApmJhr" /><g i="24" p="%^LQ8BTN8BTNXv8zXv8z8Bgw8Bgwjtvxjt#uz3qHAOk#VBwfVBg9BOg9BOjtLQjt^ALjtALUbLEUb#xEphnDUl#dCnqqAjt" /><g i="25" p="#^BHOr%BH3nzG9n$EknrDunuCMnkB7oAARoRzzpRzSqRzksFA4tuBQt4DQtrEQtxFftDGFsBHOr^BHaueHruEGVu3GmvwFEvLE1w1EfwkDtw2Ctw$Atw2A3w6zGvoyYuIxfuhxdtTwbsTw2rTwhpDx2onyOm_z3mqBplnD9lkFVkBHNk%BHekBHdjhHCi_G_hqGFhTFih4FbhiE3hsD3htC3h7BnhNzGhryei%gyei%gyjf3z4fxAPe0CxetDxedFxeqGPeEH4fBIOfxJvg_JDhrKKirKkk%rK$v%BH$v" /><g i="26" p="%^OO$vML$vMLTkjBTkjB$viy$viyg9jBg9jBbiMLbiMLg9OOg9" /><g i="27" p="%^OO$vML$vMLYbjBYbjB$viy$viyg9OOg9" /><g i="28" p="#^NL$v%dI$v%nC8o%XA8o%XA$v%3y$v%3yYe%XAYe%XAmm2ClmQCVlDDslaE9klEMjyEgjLEMiTEniyFvgKGKfWHYeQJYe%CKYe%CKqh%YJqhLIqh8IWhyHpi7HJjIG2l7GOlyFxmREWm" /><g i="29" p="%^jL$vNH$vFDypoz$v8w$v3CxncwYeKzYeQDkl2IYejLYeqFln" /><g i="30" p="#^MS$v%iP$v%XJ9o%QI9o%QI$v%_F$v%_F9o%TE9o%qz$v%6w$v%xC3nOBGmcBWlDA9laAJjMzqibzWhDyqhlxqh%Hwqh%HwYe%txYelzYezAJfNBtgtCniBCNiOCij0DOj9D9kGDjllEQl0Flm_Fpm%_FYe%QIYe%QIpmOJkmuKPlbLilGL9kRLMj2MgjgMMinMni2NvgeOKfrPYelRYe%7SYe%7Sqh%tRqhfQqhEPWh2PpiEOJjdO2lDNPl2NAmlMZm" /><g i="31" p="%^MR$vLO$vLOqcQIKp$GKp7Bqc7B$viy$viyg9qCg95IWlANg9MRg9" /><g i="32" p="#^OM$v%MJ$v%MJYm%lGYm%yz$v%Wv$v%cDvmWAJlFz5kpytipyKfpy$d7zKcSztb2BEa7CT9ADA91Fg9NGg9%OMg9^MJrk%MJSb%DGSbjFSbwE1cKDcc4DEcnC6dZBZdABQeABRfAB3hSBTh8CHiMCjjsD_jrEdkrFrkLGrk" /><g i="33" p="%^eS$v3y$v3yYeXAYeXAztJGztJGYeBJYeBJztnPztnPYeeSYe" /><g i="34" p="#^IN0pINJq3N0sqMjtlL8u3K9vBIAv7H$vPE$v%iy$v%iyg9%kEg9LGg9YHr9aJB9iKbawLRa4MVbEMZcEMpeEM$fOLghYKxisJfj%sJnjuLWjBMolINRmIN0p^vJQevJ$ddJpdYIOclIscCH1cIGXbOFRbdERb%jBRb%jBvi%LEviaGviRGmiwHdieILhWIjhcJBgvJTfvJQe^zK8pzKSnbK1nQJcmJICl$Hel9H7ljG0lLE0l%jB0l%jBpt%NDptMFptVGet2I2tWIssMJSr9K6rzKlqzK8p" /><g i="35" p="#^5P$v%fL$v%dDAl%jBAl%jB$v%iy$v%iyg9%jBg9%jBwj6Dsj8ECibFMhRFcg7GwflGVezGheIGRdDHeb1JfasKg9ZMg9%VNg9%VNZb%8NZbhLZbxKIcNJqd9JrfxIshLHoi_GkjTF2k" /><g i="36" p="%^XT4AgR4AgR$v3y$v3yYeXAYeXAztJGztJGYeBJYeBJztnPztnPYeeSYeeSztXTzt" /><g i="37" p="#^aOg9%WFpspFCtLElu6E4vpDrvICQv0CYvlB3wFA3w2A3wdz1wpy$vay$v%ayat%oyatCyct4zftyzhtgAhtBAht2BftwBctUB0tlCOsKCss7D5srDjr%YD6q%_vg9%jzg9%uFEm%2Lg9" /><g i="38" p="%^6N4ArK4ArK$v3y$v3yYeXAYeXAwtyIwtyIYeqLYeqLwt6Nwt" /><g i="39" p="#^MNYoMNCq7NYruMitpL7u7K8vFIAvbH$vTE$v%iy$v%iyg9%8Mg9%8MYb%jBYb%jBbi%ZEbihHbiLIsidKJiwLJjGMDkdNYlMNhnMNYo^CK0pCKTneK0nSJ8m2JBldI1l6HWk0GOk0EOk%jBOk%jBpt%XDptZFpt3Hdt9I0t_IssQJSrdK3rCKfqCK0p" /><g i="40" p="#^aHpwYEpw4DFvcBVuSzqtvyYrLxLp$wxn$wFk$wOhJxHfsyzdRz_bcBta3DG9WES8dHS8nIS8mJ19mKc9dLs9YLH9JM1avNnaeONa%eOqe%$NqeBN3eZMydlM1dsLwcAK2cyJLbxIrbbHrbLFrbsE1c9DDcaCNdcBYeGAIg8Asi8AFk8A_mIAGogBmqfCwrbDFstEetMFOtbHOtvIOtCJutKK9tCLGsrMbs2NIrFNcr0ORq%eORq%eOsuvNOuQM7vaMrvdLLveK3wnJewxIpwaHpw" /><g i="41" p="#^Ew5s%Pw5s9xnsExHs8y$sPyhtyzAtdALtUAWtSBWt3EWtoFrsJGYqWG9o%az9o%azRl%VGRlDGqjiFdi_D0h1C0haB0hqAchGzohZyIhoy_hXxjiuxDi4xZi%UwZi%UwPfIxtfaz0fEAyeZByeIDye7F4fzGBfCHFgFILhcJkjMJUkMJ7nMJprAHUtoFnwGBnwhAnwYy0wExFvEwev" /><g i="42" p="#^NS0nNSipdS2rGRNsMQWtQP3vFOFvuNewcMeweLewvKTvNJvvhJfv%hJhC%rGhC%rGfvyFJv$E_vtEewfDewoAewFyVtXwArXwxnXwoluxJj1y1i$ySgUzMf2BafdCzetDzeoEze6FTeQFbfrGBf%rGf8%hJf8%hJBfYJafPKTeHLzeCMzeuPze7RSgNS9jNS0n^RPlnRPqkSOKiTN1hYL1h9L1hyKfhYJshhJHh%hJ3tYJotnKBtOKNtCLNtANNtIO9sRPwqRPln^rG3t%rGHhUFrhlFehOE1h7E1haC1h1BAiUz7kUzonUzmqVA4sXBNtSDNtDENteFztRFktrG3t" /><g i="43" p="%^DO$vDL$vDLYdlB$viy$viyg9iBg9iB0rrLg9DOg9" /><g i="44" p="%^iy$viyg9vMg9vMYbjBYbjBbiKLbiKLTkjBTkjBjtvMjtvM$v" /><g i="45" p="#^mOTbFPndnQBf5ROh5REk5RpnoQEpHPSrmOntZMYu6LJvgJtw2HtwKEtwUCHv2BVuJzntpySrIxFp$wrn$wEk$wMhIxCfqyrdKzTb2BnaUCB9LEO82HO8mJO8dLC94NqamOTb^YNEkYNnisNEgZMVe5MMdbLAcVJ$bEIpb3HpbpFpbaE_bYCyc$BMd6BWeDAGg8Aqi8AEk8A6p0CurUDSt3HStdKSt4MurYN6pYNEk" /><g i="46" p="#^TO$v%RL$v%RLYb%bEYb8EHd3Ekf_DZgXDgiPDulyDBnhDHpSC5rsCvsUBmtkBcuGANu_zpvczJvqy1wnx1w3x1wKw0wpw$vdw$v%dw3t%rw3tBw4tHw5tOw6t0x6tzx6t1yXswyMsRyqsUzprmAOoRAam2BKh7BfgbBOdgBkbkBg9%TOg9" /></glyphs></font><font id="90" name="Lucida Sans"><glyphs><g i="0" p="#^2zUA%2zMzxzDzPzez6ASyjAhywAIxwAiw%wA$v%2z$v%2zds%PCds%PCuvPC5yWBoz1BHA2zUA" /><g i="1" p="" /><g i="2" p="#^1Fry%1FwAxCPy_Aswsz6uFysrTxNoTxcmTxDjFyZgszie_AYbxCB91FV7%1FZ9iDQbtCBdFBmfgBzhTAMjTAcmTAEogBRqFB2ttCPuiDzw1Fry" /><g i="3" p="#^7xZ9%7xV7CzB98BYbHCieuDZghEEjhEcmhEMouDrrHC6u8BtwCzQy7xwA%7xryRyzwGzPuvA2tTARqfBDofBcmfBOjTAAhvAmfGzBdRyQb7xZ9" /><g i="4" p="%^HxInHxsltEsltEIn" /><g i="5" p="%^2z$v2zdsPCdsPC$v" /></glyphs></font></bwFonts>