﻿<?xml version="1.0" encoding="utf-8"?><bwFonts xmlns:xsi="http://www.w3.org/2001/XMLSchema-instance" xmlns:xsd="http://www.w3.org/2001/XMLSchema"><font id="00" name="Microsoft Sans SerifBold Charset204"><glyphs><g i="0" p="%^iQ$vLM$vLMGlZBGlZB$vsy$vsys9ZBs9ZBsiLMsiLMs9iQs9" /><g i="1" p="#^7FmwvBmwhz4u3xOr3xMn3xLjczshmB9fPE9flI9fsKqhAMHjAMMn%AMKo%DAKoOA2r2CisiDyt7FytwGytBHSsHIasLIEq%hMEqXLztXJZuYHmw7Fmw^_IVlFI3kxH0jqGYhPEYhfDYh7C0j$A3kHAVl" /><g i="2" p="#^PE9flI9fsKqhAMHjAMMnAMQrsK5ulImwPEmwiBmwaz5u3xPr3xMn3xGjazqhiB9fPE9f^PEytHGytSH6s1JGq1JMn1JQkSHojHGYhPEYhYCYhMBojBAQkBAMnBAGqMB6sXCytPEyt" /><g i="3" p="#^mAsiAA9h3ClgzDwf9FwfDIwfMKMhWM$jWMXnWMSrNK6uEImw9FmwpxmwpxNlpxwfwzucDBs9VGs9DIs9YIj9iJa9iJt8%KMt8KMqahMcbRLZbDKmcqJLcJGLcHCLcwBIemAEgmAsi^9FytZGytaI9snJLqnJXnnJ8laIKjZGki9FkilDki8CKjXA7lXAXnXALq8C9slDyt9Fyt" /><g i="4" p="%^KL$vKH$vZDOpbA$vcw$v3CrnGwwfFAwfZD3lgHwfgLwfSFqn" /><g i="5" p="%^RLbt8Obt8OfAIKfAIK$vrz$vrzfA$vfA$vbtyxbt#aAtpaAAgaAwfRLwf^oIkiBDki#hDPpbBbtoIbt" /><g i="6" p="%^4y$v4ywfxBwfxBAr8IwfGLwfGL$vdI$vdIWjCB$v" /><g i="7" p="%^4y$v4ywfICwfeHSrNLwfpQwfpQ$vZM$vZMzjJI$vMF$vxBzjxB$v" /><g i="8" p="%^ywkiywwf5Kwf5Kki2Fki2F$vCB$vCBki" /><g i="9" p="#^PF$v%4y$v%4ywf%PEwf$Kwf$K0k$KJmXIonIL3oILfrILpt5KIuvI$vPF$v^xBki%xBam%yEamdGamTGKlyHhlyHfkyHgjRGOi9GkilEki^xBZo%xBbt%VEbt9Ibt9I5r9IZoGEZo" /><g i="10" p="#^xBIl%MEIl_HIlQJ5nGLtoGLRqGLetQJDu$H$vME$v%4y$v%4ywf%xBwf^xBbt%EEbt7Ibt7IRq7IwoEEwo%xBwo" /><g i="11" p="%^4y$v4ywfxBwfxB5m7I5m7IwfzLwfzL$v7I$v7IWoxBWoxB$v" /><g i="12" p="#^7Iqr%7Iio%wGioHAioHAkrHApstB_sgCytIDyt0FyteGYstHms7Iqr^7ImupGmwUCmwoAmwMy0v9xFt9xur9xCl3HCl%7ICl7IgkYHzjOHSi3HpilGYhEEYh9BYh2BFk%DxFkYx9fNE9fXH9fLJrgzLJhzLql%zL$v%7I$v" /><g i="13" p="%^4y$v4ywfzLwfzL$v7I$v7IkixBkixB$v" /><g i="14" p="#^xBphXC9fLF9f0J9fOKthAMMjAMDnAMErAK$tBImwyFmwRCmwxBMu%xB5C%4y5C%4ywf%xBwf^xBPr9DytnFyt1Hyt1I5s1JDq1JDn1JOk4Inj8HYhuFYhjDYhxBtk" /><g i="15" p="#^PEmwiBmwaz5u3xPr3xMn3xGjazqhiB9fPE9fxH9fmJygcLWhxLTk%0ITkYHjj1HEi7GYhPEYhYCYhMBojBAQkBAMnBAGqMB6sXCytPEyt7Gyt1HTsYHbs0IEq%xLEqcLBtmJ_uxHmwPEmw" /><g i="16" p="%^PL$vZH$v$CfoxB_pxB$v4y$v4ywfxBwfxBhmbHwfcLwfbF6m" /><g i="17" p="#^4y$v%4ywf%xBwf%xBAr%8Iwf%GLwf%GL$v%dI$v%dIWj%CB$v^BJf9pJzb6IFcPGLdRELdSCLdzBFchAyb7Af9%xCf9UCibREibMGibbHf9" /><g i="18" p="#^tPjptPysgNhu4L$vZG$v%sy$v%sys9%zGs99Ks9gM1boOBcoOlfoOIidLYjeNjklOSltPontPjp^ZBEi%xGEiSIEiTJYhVKfhVKCfVK8eVJpdVIFcgGFc%ZBFc^ZBNs%XGNsRLNsRLjpRLwnKKHmDJRlzGRl%ZBRl" /><g i="19" p="#^vDwf%8Lwf%8L$v%HH$v%HHOp%uFOprEOpKDmq1DWqlCls%yA$v%Nw$v%2zrr4AspJBcpuxxouxrkux9i5zRgIAwfvDwf^HH_m%HHki%XDki1Bki1Byk1B_mIE_m" /><g i="20" p="#^izwf%1Mwf%1M$v%BI$v%BIki%LCki%LCiqLCQtAB_uqA8wmy8w9x8w8wXv%8w6tixkt1yktLykt0zOsizfsizmq" /><g i="21" p="%^fS$vqO$vTIfpTI$vrF$vrFfpTz$v2w$vLDknCwwfsAwfrFulrFwfTIwfTIulRNwfIRwfzKkn" /></glyphs></font><font id="10" name="ArticulateBold Charset1"><glyphs><g i="0" p="" /><g i="1" p="%^9y$v9yDrxCDrxC$v" /><g i="2" p="%^9y$v9yDrxCDrxC$v^9yhk9yVfxCVfxChk" /></glyphs></font><font id="20" name="Microsoft Sans Serif Charset204"><glyphs><g i="0" p="#^bIe9UMe9TPqcSSBfSSPkSS1qTPctUMnwbInwtDnwsActsx0qsxPksxBfsAqctDe9bIe9^9IRtwLRtFNtrOP4pOPPkOPxgFN9exLNbdINbRENbHC9exAxgxAPkxA3pGCsrQERt9IRt" /><g i="1" p="%^NQ$vTM$vXERksBeosB$vvy$vvyD9sBD9sBJkmMD9mQD9$GPi" /><g i="2" p="%^3Q$v4N$v4NhcsBhcsB$vvy$vvyD93QD9" /><g i="3" p="#^$AKhWCrfDFrfOIrfxKHhhMXjhMMnhMLrkK3unInwqFnwOCnw$AKu%$AdC%6ydC%6yOf%$AOf^$A8sRC6ueF6u5H6ubIwsiJWqiJMniJNkfIejdHGhmFGhZCGh$Ask" /><g i="4" p="#^GErf8IrfcKFhhMSjhMVnhMXrcK9u8InwGEnwdBnw9z9u5xXr5xVn5xSj9zFhdBrfGErf^GE6uJG6u$HysiJ_qiJVniJPk$HfjJGGhGEGhCCGhkBfj2APk2AVn2A_qkBysCC6uGE6u" /><g i="5" p="#^GEnwdBnw9z9u5xXr5xVn5xSj9zFhdBrfGErfkHrf6JNgUK7icLFk%fIFkbIcj9Hri7GGhGEGhCCGhkBfj2APk2AVn2A_qkBysCC6uGE6u7G6u9HmtbIBsfI9r%cL9rUKHt6J1vkHnwGEnw" /><g i="6" p="%^6y$v6yOfjCOf8Hos$LOfbQOfbQ$vjN$vjNjjqI$vSF$v$Ajj$A$v" /><g i="7" p="%^zw3izwOfKJOfKJ3iAE3iAE$vJB$vJB3i" /><g i="8" p="#^$EnwqBnwfz8u5xVr5xVn5xXjbzHhhBrfGErf8IrfcKFhhMSjhMVn%hMBo%4ABogAprDBMs$C6u$E6uvG6uJHltXIAs$I9r%ZL9rDLFtHJ0vMHnw$Enw^eJkmUI$jFHRirGGhGEGhYCGhJBQiuA_j8Akm" /><g i="9" p="#^$A7m%CE7mOH7mzJsnlLNolL2rlLltzJGuOH$vCE$v%6y$v%6yOf%$AOf^$ALt%uELtnILtnI2rnImouEmo%$Amo" /><g i="10" p="" /><g i="11" p="#^HF$v%6y$v%6yOf%GEOfFKOfFK5kFKEmyIAnnLronLsrnLwtRJMukI$vHF$v^$A3i%$ABm%pEBmcGBm_G4mMHylMHkkMH9jYGCi8G3ibE3i^$AQo%$ALt%MELtoILtoIjroIQowEQo" /><g i="12" p="%^$A7mCE7m#OH7mzJsn#lLNolL2r#lLltzJGu#OH$vCE$v6y$v6yOf$AOf^$ALtuELt#nILtnI2r#nImouEmo$Amo^iQ$vpN$vpNOfiQOf" /><g i="13" p="%^6y$v6yOf$AOf$A6sfIOflLOflL$vsI$vsIGjcB$v" /><g i="14" p="%^6y$v6yOfeLOfeL$vnI$vnI3i$A3i$A$v" /><g i="15" p="#^nIKr%nI9o%pG9o8A9o8Ayr8ANs2BstZB6uxD6uYE6uhGttCHQsnIKr^nIkuaGnwICnwiAnwKy4vbxMtbxIrbx1mZG1m%nI1mnIhkbIvj$HJi9HcikGGhuEGhEAGhxAqk%FxqkZxrfEErfLHrfuJGgeLVheLxl%eL$v%nI$v" /><g i="16" p="#^mzOf%ILOf%IL$v%RI$v%RI3i%fC3i%fCvqfCZt8B3v2A8w4y8wVw8w8w$v%8wGtZwVtLxVtHyVt0zetmzzsmzzq" /><g i="17" p="%^6y$v6yOf$AOf$AwmnIwmnIOfeLOfeL$vnI$vnINo$ANo$A$v" /><g i="18" p="%^3Q$v4N$v4NtlsBtlsB$vvy$vvyD9sBD9sBPi4NPi4ND93QD9" /></glyphs></font><font id="30" name="ArialBold Charset204"><glyphs><g i="0" p="%^lyD9SCD9SCeskJeskJD9QND9QNeswUeswUD90ZD92Z$vly$v" /><g i="1" p="#^3yNf%lCNf%lCpmpDhmRDLliEdlWEqjLF0hJGmgIHHfhJHfMJHfZKLf%_KBiiJBiQIWimIfjOHWk3H9nFFGnHHeo4Jcr9JmrfJwr%EL$v%2H$v%VEjrfEUpMDuphD4plC4p%lC$v%3y$v" /><g i="2" p="#^rBKk%yx1kcyGhOzygpBqfzEqfrHqfRI6gfKNgPKQhoLTioLFl%lLGqlLOsyLPtLLQujM$v%4I$vVHzvGHJuzHluwHduqGiv9FQvVDmwvCmw_zmwyy$u6xEt6xzr6xbqMx7pqy2oBztnNAUm0Dtm0GVlaHql%aH_kaHLjzGejYFIigEIi7DIiuC9jRBCjrBKk^aHcomGuozEToNCfpeCCpoBcqoB7roB1s3CHsKCltNDltXElt_FAsMG$r0H9raHCqaH3p" /><g i="3" p="#^ozNf%LNNf%LN$v%uJ$v%uJgj%EDgj%EDyqEDkt$CsumCzvABWvOAgw4zgw2ygwnw$v%nwQswwQs5xSsMxVs7yVs$yVsbzlsozMroz9p" /><g i="4" p="#^mMAk%8IllWH4kaHrjqGOicFOiCDOiFCVjIB$kIBBnIBuqGCGrEDSsgFSsuGSsgHas2ItrnINp%AMvqWLot3KTucImw4FmwwBmwpz7uixTrixVnixUjpzFhxBqf8Fqf6IqfSJIgCLZhmMAk" /><g i="5" p="%^7yNffCNffCZpRINf2NNf2N$vXI$vXIDlfC$v7y$v" /><g i="6" p="%^jwNfZKNfZKfjNFfjNF$vvB$vvBfjjwfj" /><g i="7" p="#^cwNf%MANf%EEir%qINf%TMNf%8Hnv%7GcyzFDz2FnAxE7BSDABcD2CeCiCgBzC2AzCPyzCDxjC%fxYyfy9z3z9zzA9zgBgy_BoxnC1w" /><g i="8" p="#^hyNf%GHNfyKNf_LRgqNUhqN0kqNnlDMomRLonFKJnkM8o9Ngp_Noq_NKr_NDtBMPucL$vuI$v%hy$v^BCwm%mFwmmHwmfI0m8Jwl8Jqk8JpjjIZiuHximFxi%BCxi^BCft%_FftPHftFIPsvJmsvJdrvJ1qxIApAH7pOE7p%BC7p" /><g i="9" p="%^3yNfmCNfmCJluIJluINfOMNfOM$vuI$vuIbpmCbpmC$v3y$v" /><g i="10" p="#^fxFnfxxliyxjlzxhgBugcDqfBFqfgJqfCLPhZNckZNRnZNwrBLXtdJmwDFmwoDmwmBmvlzluiyosfxrqfxFn^EBUnEBiqNCArWDSsCFSshHSsqIArzJiqzJSnzJulqIckhHWiCFWiWDWiNCckEBulEBUn" /><g i="11" p="#^7yNf%fCNf%fCZp%RINf%2NNf%2N$v%XI$v%XIDl%fC$v%7y$v^oIc9%uKc9jKhb1JtcLHFdKFFdIDFdqCtc9BhbZAc9%3Dc9aDiaQDSauEpbKFpb_GpbEHSaiIiaoIc9" /><g i="12" p="#^6yNf%6CNf%6CaiUCYgdEbgyFqf9Hqf_JqfYLEhWNRjWNOnWNSrXL6uYJmw7HmwNFmwHEQvCDivpC$t%pC9C%6y9C^mCCnmClqrDFrwEYs4GYsAHYszIMrzJzqzJQnzJhlxI2kwHPi$FPirEPioD1kmCelmCCn" /><g i="13" p="#^DHQq%ULyr3LVthJ8vwHmwREmwCAmwByBt_wor_w0o_w_j5zIhcBqfqEqf1Iqf7KPhdMck7M7p%nB7pqB1rpC5spD9tUE9tUF9tAGCsgH3sDHQq^SHvmPHEkUGGj_FIiGEIigDIimCJjrBLksBvm" /><g i="14" p="#^YE$v%YE4p6E8pNDspsDMpDCjr%AA$v%_v$v%gywr$zaoTBGnuA8nKzWkazfjIyWieyBixwBi%xwLfOxHfiyHfJzHfJAjgKBXgCCqjiDmlIDTl7EnmYEpm%YENf%cJNf%cJpm1KpmsKTlTKllyLqjpMZgoNkgnOHfWPHfmQHfDRLf%DRBiXPBisPWi_OfjqOWkGN8nhMGn9OaoUPwr%aS$v%AN$v%yLjr_K3qwKCp3K8pcJ4p%cJ$v" /><g i="15" p="#^AMMn%YQ9pYPPsCNBugLnwGHnwcDnwkAkttxhqtx$ktxqflAkceDe9XHe92Me9COGb8Q6dUQNf%qMSg1M6fMK6ewJ6dJH6ddF6dGDUe7CGg7CGk7CVoEDJqaFwsDHwsqJwsJKnr0MdqAMMn" /><g i="16" p="%^iD$viDpdFwpdFwD9rOD9rOpdPHpdPH$v" /><g i="17" p="#^KxNf%3CNf%3CFj3C_kiCElxChmiDLm4EdnfFdnpGdnPHIm%PHNf%6MNf%6M$v%PH$v%PHwpjFbq$Dbq1CbqsAlpUyvojybnKxSlKxFj" /><g i="18" p="#^TzD9%xPD9%xP$v%0L$v%0Lpd%iEpd%iEYmiE3r0EHsLDjuHCdvDB7wmz7wAy7wuw_v%uwus%uxvsVyvsoz7sUzKrUzeq%Tzom" /><g i="19" p="%^kyD9yCD9yCwoDLD97QD97Q$vUL$vULohRC$vky$v" /><g i="20" p="%^4yNfnCNfnCxsuIxsuINfNMNfNMxstOxstOgA$KgA$K$v4y$v" /><g i="21" p="#^7MNf%7M$v%SH$v%SHgp%tHgp4GgpqFDpNE_p_D8r%KDsr%VA$v%Wv$v%_yiriAhpmBZozzSoryCnjxlmjxokjxQi2yJhOyBg0AbgfBNfHDNf^SHyi%OEyi6DyiqC1jKBwjKBDkKBKlvCemhDJm3FJm%SHJm" /><g i="22" p="#^$vD9%2BD9%gGel%JKD9%rPD9%THDqEGotmFQu4Egw2Cgw2AgwVy$v%VyFsUzJsFAJseCJsVC8sBDzrdEGp" /><g i="23" p="#^kyNf%CCNf%CCwm%WGwmsJwmPKUmaMfn3NtoZNGpZNhrZNDtmMPuLK$vxH$v%ky$v^CCht%CGhtuIht0JGsyJ3syJdryJ2qDICpJH9ppF9p%CC9p" /><g i="24" p="" /><g i="25" p="%^hy$vhyD9OCD9OCqiELqiELD9aQD9aQ$vEL$vELdmOCdmOC$v" /><g i="26" p="#^sBJf%3xIeuye97Fe93Je93LZa4NIc4N2f4NEg9MXhfLdjqJckELYkLMmmTNLnTNOpTNKsJLzuzJnwfFnwLBnwJzdvHx2uFwQq%OAuprBurvC5szDHs6FHsfHHsdIMrcJQqcJEpcJgo5Irn$GBmMEBm%LDBm%LDdj%gEdjlGdjrHiixImhxIPfxIBeEHMdLGWc5FWcfCWcsBJf" /><g i="27" p="#^lyD9%SCD9%SC8jnE_iVEmirFKhyGUeYHfbnJnaNKu9VNu93Ou9zOt9%zOPc%WNOcxMOcUL8dfLudRKbesKUeGJ3hgJeiNI0jjINj4HtkBIVkAJcmzKvnKLSp%OO$v%uJ$v%PGcqLG5qyGKptGCp_FHo6F1nyEDm$DdmSCcm%SC$v%ly$v" /><g i="28" p="%^rS$vxN$vALVqDCVqNA$v$v$vIED9uJD9^7K8n2HRe0E8n" /><g i="29" p="#^EL$v%ELFm%KKFmBIFmJHinRGXnJE7r%sB$v%2w$v%NyDrpA1pmB_nkCXmND7mEADlfzYjTxgiTxVfTxSdUyhcWzIaCBaaiDD9FGD9%aQD9%aQ$v^ELpd%7IpdrFpdBExdLDFd7DmewC3fwCbgwCmh6D3iIDLiCEWiwF4jjI4j%EL4j" /><g i="30" p="#^gy$v%gyD9%wFD9EJD9UKY9PMta6O9cpPQdpPvgpPziFOZjVNnlLMamCLZmpKenOIynKFyn%NCyn%NC$v^NCpd%NCLj%fFLjWHLjPIpjJJ2jeKjiLKzhLKzgLKlf1KzejJMddIzdpHpdZEpd" /><g i="31" p="%^gy$vgyD9SOD9SOpdNCpdNCmi0Omi0O8mNC8mNCdshPdshP$v" /><g i="32" p="#^hyD9%dHD9TJD9aLR9uM3avNMaxOtbdPEcWPOdWPffWPQg4P8ieOsjNM6kQOIkWP8m0Rzn0Rvp0R1riQusBPWtmONu8NEvlLRvdKZvUF$v%hy$v^OCld%OCwi%MFwioIwi1JricKjiSKFhxL_gxLUfxLSeYKdenKzdfJqdAIldoFld^OCem%OCds%_GdsqJds4K5s4LVrILcrlMuqlMiplMhoSLAnnLTmsKzmxJemrGem" /><g i="33" p="#^lxXklxxhnycf8zvdsA8cNBNalD7arFe9aIe96Ne94Qjc2Tnf2TRk2Tfq5Qjt9NnweInweDnwhAktlxhqlxXk^$BOk$BBoLDzqwFwsdIwsWKwsEMAqnODonOKknOUgHM$e$K6ddI6dqF6dID1f$BXg$BOk" /><g i="34" p="#^jMD9%jM8jsN2j1OjiCOzhDPUeZQobnSraMTu9$Wu99Xu9FXt9%FXPc%$WOcDVOc_U8dlUudXTbeyTUeNS3hmSeiTR0jpRNjbQtkHRWkGSdmFTvnQUSp%UX$v%AS$v%UPcqRP5qDPKpwPvp4PHoeO4nGNEm7NcmjMcm%jM$v%VH$v%VHcm7HcmzGDm$F2n9FHoHEBpBEKptEZplEcq%FB$v%lw$v%ozSpxAAnwBfmwCWk3EtkRCNjmC0jTBfisB3hHAXeiAdeVzvdfz9dCyOc9xOcZwOcAwPc%Awt94xu9exu9wAu9UBsagDqbBEUeEFAhcGjiNG2jVH8j%VHD9" /><g i="35" p="#^myD9%TCD9%TCzi%WIzibNzi5Pzk0Rzm0Rmp0RErSPftIORucNqvJL$vWI$v%my$v^TCes%gHespJesdK1s2LQrHL5rlMmqlMiplMLneL1n8KjmtHjm%TCjm" /><g i="36" p="%^cy$vcyD9ZED90JTo1ND9PTD9PT$vCP$vCPoeaL$vQG$vpCoepC$v" /><g i="37" p="%^oyD9VCD9VCziYIzi#kLzi2Ndj#MOSjVPxl#2Rbn2Rnp#2RErSPht#GOWucNtv#LL$vYI$voy$v^VCesjHes#qJesfK1s#4LQrJL5r#nMmqnMjp#nMPnjL3n#gKjmvHjmVCjm^FTD9aYD9aY$vFT$v" /></glyphs></font><font id="40" name="ArticulateBold"><glyphs><g i="0" p="" /><g i="1" p="#^dCnA9BXyfAnxlzPvGy4u$xlsCxpqdxtodxjmdxZjDx1i1y5gJypepzJcjAfbdBN9dCn8%bGn8VEla2E7cbDVdFCBf7ChhUBXiFBBkFBjmFBLpJCatNDBwbGnA" /><g i="2" p="#^bFjmbFtoOEoqpEjsJD2u1DNv7CmxdBXy9AnA%dwnArxryiyEw9zRuIz7tfAprvAJpLA1oLAjmLAHkxA5jjAvhOzPfhz7epyhcxxradwn8%9An8dBT98Cob3DVcKDAepEfgOE8ibF1kbFjm" /></glyphs></font><font id="50" name="Arial Charset204"><glyphs><g i="0" p="%^ryD91QD91Q$v2N$v2NgcoBgcoB$vry$v" /><g i="1" p="#^2ycC%2yNf%zANf%zAUhrBFgyC2gGDqffFqfkHqfVIvgvKzhjLwj7Msl7MMn7MfqdLfskKeuDIivXGmw3FmwHDmwBCNvvBcvOAju%OAcC^yA_nyA5rPBBs4D5uTE5uIG5u$HysjJ$qjJLnjJFk1I7jMGAh$EAheDAhUBdjyASkyA_n" /><g i="2" p="#^1xUn1xojxzdhDBqfDEqfZHqf5KChdMOjdMFndMNqgLAskKnuxInvLGmwDEmwdBmw7zbu1x$r1xUn^SzUnSz$qcByszC5uDE5uGG5u1IysoJ_qoJOnoJOk0IfjFGHhDEHhzCHhcBejSzNkSzUn" /><g i="3" p="#^2xNf%OzNf%OzSiOzRk1AKlgADm9Bin3CYnqDYn_EYnsH7n%sHNf%cKNf%cK$v%sH$v%sHtpWEfqJCfqTAfqszjp2ynoyx0n2xFl2x1k" /><g i="4" p="%^2yNfOANfOA8spINfnLNfnL$vDI$vDIIj0B$v2y$v" /><g i="5" p="%^AwNfKJNfKJ3iwE3iwE$vOB$vOB3iAw3i" /><g i="6" p="#^DI$t5HivHFQvhEmwFCmw_zmwyy3v7xLt7xJr7xxqFxypcyzo4zZnYznn3B3nSBSmvDFmQGfmoIIlpI8lpI_kpIjjEHDiAGHhvEHhzCHhEBniJA2jhANk%BxpkYxHiOyDhEzzgdB$fPCqfVEqf_GqfhIVfAJogbK8hOKTh1L$iaLIjaLyl%aLcpaL1tlL2uxL3v2M$v%aJ$vLI8vDI$t^oISnVGtoVDUodC8pwBspPALpqAlq2AWq2AEr2AKsTAttJBcujDcuVEcu8GwtnHPsYHCroIHqoISo" /><g i="7" p="#^2yNf%OANf%OA8s%pINf%nLNf%nL$v%DI$v%DIIj%0B$v%2y$v^AHF9%tJF9eJzb3IBcVGCdYECd$CCdQBBcGAAbrAF9%kCF9xCHa9DcbODJbTEJb6GJbKGdbnHJaAHF9" /><g i="8" p="#^8JNq%_L7rjLCtvJ_uHHmwSEmwiBmwdzau8x_r8x1o8xXjezHhlBqfIEqfYHqf0KEh4MRj4MSn4M6o3MBo%ZzBo7AgruBHsRC5uTE5uoG5usHjtwIws8JNq^7Akm%aJkm$Ihk8IgjQGGhKEGhRCGhyBYigAdk7Akm" /><g i="9" p="#^3yNf%pENfJGNfSHag0JzgPJBhDKDiDK5kDKfl8K6mGJZmJIynSJXnCK_onL1qnLsrdLMtJJUueI$vnF$v%3y$v^PACm%LDCmvFCm9GqmPGemkHHlRH7lRHlkRH3jXGzi1G3iQD3i%PA3i^PAKt%rEKtMGKtDHctvIFsyIkryIyq2IUpyHdpKG2pWFSo8ESo%PASo" /><g i="10" p="%^3yNfPANfPAxmqIxmqINfaLNfaL$vqI$vqIPoPAPoPA$v3y$v" /><g i="11" p="%^7yNfpCNfFGLsoLNflPNflP$vBM$vBMYiOH$vlF$vPAkiPA$v7y$v" /><g i="12" p="#^ozNf%9MNf%9M$v%qJ$v%qJ3i%8C3i%8C8q8CYsYBStNBLuYAqv7A5wAy5wCx5wmw_v%mwHt%zxHtqyHtNywt9zltgzZsozAsoztq" /><g i="13" p="#^$xNf%LANf%LA7m%eE7mEH7mtJsnjLMojL4rjL6tNJzufI$vTE$v%$x$v^LAKt%EDKtfGKtmH5ttIsstI5rtI2qEHdpQGoo$Doo%LAoo" /><g i="14" p="#^1yNf%NANf%NAOm5COmDCim9DNlaEmj_ErhuFQg_FdgEG$fiHNfLINf%iJNf%iJ3i%xI2isH2i8HmiQGIiaGmkyFYl0FzmvEanqDGnbF9oVGZq%VJ$v%UG$v%YDZq3DtpoC_oJBvoNAvo%NA$v%1y$v" /><g i="15" p="#^RHNf%RHOm9JOmHJimeKNlfLmjdM2hZMpgJNNfmPNf%mQNf%mQ3i%CP2iwO2idOmiUNIieNmkDMYl6MzmBLanuKGnhM9oZNZq%_Q$v%ZN$v%0LZq7KspsJ_oNIvoRHvo%RH$v%2F$v%2Fvo7EvosDZoNCrpTBZq%Xy$v%Wv$v%VyZqDA9oqCGncB6nIAsmdANlfzhjVyrixyfi7y2ilx2i9x2iyw3i%ywNf%WwNfwyNf9z_fPzagjAOgQAphFBmjFCLlbDhmJDOm2FOm%2FNf" /><g i="16" p="#^dANf%wLNf%wLKt%gNKt%gNAA%$KAA%$K$v%fy$v%fyAA%$vAA%$vKt%rxKtlAOpdANf^wC3icCYp3AKt%NIKt%NI3i" /><g i="17" p="#^EBGo%EBwmnDvm$DnmEEfmcFElMF1lMF7kMF$i1FliiEGh7DGhOAGhTzpk%gx_juyqf9DqfLFqfdHRgHIgiHIekHIdmMGon_H2oBI3pcJ4qcJsrcJEtCH$u1GmwaDmwExmwLwrr%kzTqHzrsMAitRB8udD8uCE8uxFmtsGAssGmrsGpqTFIpiF$oEEQo_DFogCFo7CFoEBGo" /><g i="18" p="%^3yNfSKNfSK$v6I$v6I3iPA3iPA$v3y$v" /><g i="19" p="%^uNNfdQNfdQ$vuN$v^6yNfSANfSA7mlE7m#KH7mAJsn#qLMoqL4r#qL6tUJzu#mI$v_E$v6y$v^SAKtLDKt#mGKttH5t#AIssAI5r#AI2qLHdp#XGoo6EooSAoo" /><g i="20" p="#^dw$v%8Czn%FwNf%5ANf%ACBjhDGkJDploEokYEDj%HHNf%ZKNf%mFqn%oL$v%0I$v%HEYq%PDBp%yz$v" /><g i="21" p="#^bxGp%$zXokAAqJBds7DRtqFRtMHRt7JEsuKrruKJpuKTn2JNmDHHl8FHl%KDHl%KD6jMF6jRGTiXHDiMIGhCJIgCJtfCJ$dtIWckHQboFQbIDQbvCHciBxdRAXeoAkgoA0h%yxngCye9qFe9IIe9DK3byMUcyMkfyMsiBJbkhLFkrM6mBNznBNBpBNusmLru7JnwrFnw5znwbxGp" /><g i="22" p="%^5yNfRANfRAKtrIKtrINfbLNfbLKtYMKtYMAAIKAAIK$v5y$v" /><g i="23" p="#^uHD9%eKD9%eKmh4Lng5MVf7NqfiOqfbRqfTSQhzUekzUTnzUGrKS0uWQmweOmwlNmwqM4wwLPveKBu%eKcC%uHcC%uHBuFGtvFFWvFEmwvDmwYAmw2z7u8xUr8xJn8xckSyPhAAqfvDqfJEqfIFVfIGnguHmh^dKYndKCrdLTseM7uKN7uqP7uBQAsNR1rNRMnNRHkHQbjBPGhUNGh3MGh8LfjdKPkdKYn^WzEnWz4r4BBseC5uXD5uKF5uCGBsvH5rvH5ovHUkzGhjEFGhMDGh3CGh_AfjWzPkWzEn" /><g i="24" p="#^XxeC%DxFzxyVzczVz6AVzFABzcBhzzBKyQBkypCHwuCtwEC0w%vwNf%szNf%PCaptDYq$DWstE1r7Fep%BINf%lLNf%aFgwbEXyEDXzVCiBYBWB0BzCIzzCVyzCXxeC" /><g i="25" p="#^DI3q%kLpqUKct3JNueHmwAEmwfBmwezbudx0sdxYndxkl4ymjYyohKApgwCqfBEqfeHqfVIMgBK5i3Lyk%oIYk0Ikj2Hvi4GGhIEGhDCGhkBaj1AFk1ATn1A8rhBDsxC5uyE5uaG5ufH6tlI6sDI3q" /><g i="26" p="#^4yNf%QANf%QAzm%9EzmwE4jkGfh8Iqf0LqfuNqfUOqgjQpheR9j9SUk9SQn9S1sfQculOmw4Lmw2ImwdGluoEks9EQo%QAQo%QA$v%4y$v^aLLh9JLh1IjjWGSkWGEnWG_q2IysaJ5u3L5uXM5u8OFslPdrlP0olPUkiOkjgNLhaLLh" /><g i="27" p="%^8yNfUANfUAKt8HKt8HNfUJNfUJKtaQKtaQNfUSNfUSKtJUKtJUAArSAArS$v8y$v" /><g i="28" p="%^3yNfnHNfnH3iPA3iPA$v3y$v" /><g i="29" p="#^WJ59%lM79bMLaDLob3L1cbKdcjJpcLGpclDpc6C3dTAJdkA9fOzBgKzTiMAkh9CzgyDNfhFNftINfzK_hFMakFMVnFMLqBLzsyKnu6JnvGHmwaFmwiCmwHA2v5zJteyFrnxBpnxuknx3eyzRbKBC9fGC92JC9qJw9PJq9WJ59^NJQnNJilAIHjnH3icF3iXC3iIBNjtAultAkotA9rQBFsbD8ubF8ueH8uvIqsNJHqNJQn" /><g i="30" p="#^PKNf%PK$v%4I$v%4IGp%uGGp2FGpkE2qDDqqgCss%Tz$v%tw$v%qzDrNADp7CnpNz2pEyGnvximvxwkvxpi_y5huANfiDNf^4I3i%aE3iJB3i$AQiiABjiACkiA3mlBLmoCqn2Fqn%4Iqn" /><g i="31" p="%^vy$vvyD9sBD9sBPi4NPi4ND92QD92Q$v4N$v4NslsBslsB$v" /></glyphs></font><font id="60" name="Articulate"><glyphs><g i="0" p="%^By$vByvs5Cvs5C$v" /><g i="1" p="" /><g i="2" p="%^rz9ADw9AByvs5Cvs" /></glyphs></font><font id="70" name="Tahoma Charset204"><glyphs><g i="0" p="%^xL$vFI$vFIjoXAjoXA$v3y$v3yYeXAYeXARlFIRlFIYexLYe" /><g i="1" p="#^tFowoBow8z5uUwOrUwznUwpj3zXgfBteNEtenGteBHWePInfJJngDKlh7LMiDLakDLdm%DLMn%PzMnPzLqiBksOCUtrFUtoGUtiHGtcIstXI7tIJMseKrsNK6s7LQr%hLQr%hLYuOK9v2KsviJLvIIWvSH8waHgwvGowtFow^QIAlOIpkyIAjjIKiRH9ilHwhyGbhMFRgCERgtDRgFCbhSBxhcBbizASieAGjVzukPzAl" /><g i="2" p="%^wKthJEthJE$vSB$vSBth2wth2wYewKYe" /><g i="3" p="#^Ew5s%Pw5s9xnsExHs8y$sPyhtyzAtdALtUAWtSBWt3EWtoFrsJGYqWG9o%az9o%azRl%VGRlDGqjiFdi_D0h1C0haB0hqAchGzohZyIhoy_hXxjiuxDi4xZi%UwZi%UwPfIxtfaz0fEAyeZByeIDye7F4fzGBfCHFgFILhcJkjMJUkMJ7nMJprAHUtoFnwGBnwhAnwYy0wExFvEwev" /><g i="4" p="#^5Mun5MNr0K7uXHtwuEtwXAtwUy2uSwDrSwunSwcjYyRg3BteuEteXHte0KQg5Mbj5Mun^7Jun7JakWHziJGYguEYgfCYg1BziQzakQzunQzHq1BlsfC$tuE$tIG$tVHns7JLq7Jun" /><g i="5" p="#^BHOr%BH3nzG9n$EknrDunuCMnkB7oAARoRzzpRzSqRzksFA4tuBQt4DQtrEQtxFftDGFsBHOr^BHaueHruEGVu3GmvwFEvLE1w1EfwkDtw2Ctw$Atw2A3w6zGvoyYuIxfuhxdtTwbsTw2rTwhpDx2onyOm_z3mqBplnD9lkFVkBHNk%BHekBHdjhHCi_G_hqGFhTFih4FbhiE3hsD3htC3h7BnhNzGhryei%gyei%gyjf3z4fxAPe0CxetDxedFxeqGPeEH4fBIOfxJvg_JDhrKKirKkk%rK$v%BH$v" /><g i="6" p="#^NL$v%dI$v%nC8o%XA8o%XA$v%3y$v%3yYe%XAYe%XAmm2ClmQCVlDDslaE9klEMjyEgjLEMiTEniyFvgKGKfWHYeQJYe%CKYe%CKqh%YJqhLIqh8IWhyHpi7HJjIG2l7GOlyFxmREWm" /><g i="7" p="%^xL$vFI$vFIqhXAqhXA$v3y$v3yYexLYe" /><g i="8" p="#^MS$v%iP$v%XJ9o%QI9o%QI$v%_F$v%_F9o%TE9o%qz$v%6w$v%xC3nOBGmcBWlDA9laAJjMzqibzWhDyqhlxqh%Hwqh%HwYe%txYelzYezAJfNBtgtCniBCNiOCij0DOj9D9kGDjllEQl0Flm_Fpm%_FYe%QIYe%QIpmOJkmuKPlbLilGL9kRLMj2MgjgMMinMni2NvgeOKfrPYelRYe%7SYe%7Sqh%tRqhfQqhEPWh2PpiEOJjdO2lDNPl2NAmlMZm" /><g i="9" p="#^gL$v%oI$v%oImh%xCmhvCDisCOjpCYkmCVlgCio2CWpQBxruBws9BwtLA5ulAFuRz6vjzzvJyOv7y0wnx0w8x0wLw$vnw$vdw$v%dwut%nwutuwutBwvtIwwtSwwtexwtAxqtXxjtcy0tZygsjzpqGzxoQzalUzWjXzdi_zvg1AYe%gLYe" /><g i="10" p="%^tLYeiChCezhChCav4wYebzYeQDzrtIYe" /><g i="11" p="#^xL$v%HI$v%HIhj%FA$v%3y$v%3yYe%VAYe%VAsr%RIYe%xLYe^fK17fKl8WJq9CJva0JdbkI1csHrcAGRcdFRcZDRc1Dqc5C$bsBdbQAtavAp9bAk8bA17%FC17FC59iD$9XDVadFVarGVa5H0aMH79MH17" /><g i="12" p="#^rLQqrL4sYK1tuK_tGJDuDIqvuHJvmG$vME$v%3y$v%3yYe%kEYecGYe3H3fXHafOIFfHJ8g6KYgyKLhyKTiyK5kTJ3lcJ1m5Izm%aIGmzJ0nvK5orL9prLQq^CHjjCHKipHjidHThLGEhcGlhwFihREehEDeh%VAeh%VAVl%cEVlfFVlHFPl8GIlGGolaH4loHzkCH2kCHjj^tIRqtI_pdIspZHWo6HwoAGfoZFcomF8ohE8o%VA8o%VAIt%oDItXEItNFAtEGstfH5tUHIsaIbstIFrtIRq" /><g i="13" p="#^mM0nmMhrkKPtiIkwaFkwVDkwWC1wYBLvXA8v%XAhC%3yhC%3yYe%XAYe%XAKg$BMfiD7fCEte9Gte4JteJKOgmM6jmM0n^pJlnpJqktIPiyHchsFcheEch5DLhYBiiXA8j%XAOs3CmtSCztGDLtIELtXGLtaI7spJuqpJln" /><g i="14" p="#^REnw5DnwDBRv9Aiv6zbu2y5ttxqrUwLpUwvnUwfluxDj5y_h6zTg6ALfCB9f7DyeREyefGyeyHYeSIlfTJSf%TJ4j%IJ4jpJQiWIvirI9iLHOh9HvhlGghyF1hOE1hzC1hdBJiTzpkTzvnTzwqaBcsuCUtOEUtcGUttHjtKIKsIJPr%TJPr%TJ1vsJevPIwvaIOvFHXvWG8wlGfwMFnwREnw" /><g i="15" p="%^eS$v3y$v3yYeXAYeXAztJGztJGYeBJYeBJztnPztnPYeeSYe" /><g i="16" p="#^OM$v%MJ$v%MJYm%lGYm%yz$v%Wv$v%cDvmWAJlFz5kpytipyKfpy$d7zKcSztb2BEa7CT9ADA91Fg9NGg9%OMg9^MJrk%MJSb%DGSbjFSbwE1cKDcc4DEcnC6dZBZdABQeABRfAB3hSBTh8CHiMCjjsD_jrEdkrFrkLGrk" /><g i="17" p="%^MR$vLO$vLOqcQIKp$GKp7Bqc7B$viy$viyg9qCg95IWlANg9MRg9" /><g i="18" p="" /><g i="19" p="%^xL$vHI$vHIhjFA$v3y$v3yYeVAYeVAsrRIYexLYe" /><g i="20" p="#^UK$v%0I$v%0IlpGGNppF1q8EgqVCgqQBgqOA_pMzIp0z3pgyqoSxqnsxqmsx3l%sxYe%kAYe%kAAjkAIkqAnlwA1mWAFmgBbnZBunHCMnRDMnSEMn$FAn9Hnn0I5n%0IYe%UKYe" /><g i="21" p="%^VIthXAthXA$v3y$v3yYeVIYe" /><g i="22" p="%^jL$vNH$vFDypoz$v8w$v3CxncwYeKzYeQDkl2IYejLYeqFln" /><g i="23" p="#^ZKJqZKYrtKZs_JZt7JBu7IlvZGGvQF$v1E$v%3y$v%3yYe%XAYe%XAAl%6EAl1GAl5HNl9I_lcJMm5KqnxKsoZKtpZKJq^0IMq0I_pLHppuHPoTGroeG3opF_nBEVn4DVn%XAVn%XAIt%0DItxEItnFAtdGrtQG4tsHHsKH8s0IBr0IMq" /><g i="24" p="#^pK$v%yH$v%yHep%IEep%Fz$v%jw$v%OBZoGzloHy6nIxTlIxOjIxxifyAhPyDgMzZfxAsfHBcfRCYehEYe%pKYe^yHZm%yHeh%rEehrDehSClhiCshMBLhcB5iWAGiEAejEAUjEAKkQAgl1BNlxBem3CHmQCQmCDZmwEZm" /><g i="25" p="#^WSunWSMrSQ7uOOtwoLtw2Itw4Ggu7E3sXDeo%XAeo%XA$v%3y$v%3yYe%XAYe%XAUl%$DUlmEpikGrgiIteoLteZOteXQWgWSmjWSun^ZPunZPdkMOBiANYgoLYgaJYgZHCiNGfkNGunNGHq_HlsbJ$toL$tAN$tMOosZPNqZPun" /><g i="26" p="#^9Kth8LtiHL1kfMAlfMCnfMApCLfr_KWsWJ3uQIgvuHTv9GtwAEtw_CtwEBVvjAlvmzbubyKsBxzq0xno0x9l0x0k6xRidxFhyx$fSxxenyhdUy0cKz9bPA0azCl9jEG8bHq8dIk8nJf8yK989L68%9LLamKOasJTazIXapH1bSF9bbEAbwC_bFBTc0BxdDALefAZf5AthdBFgwC6gPDyfiFyfHGyfXH0gbJtg9Kth^kJNnkJ3l6IDjUGaiDEaioDaieCAi4B_i2AGj0A3k_zBkYz6lYzylYzbonASpPAwrABtsgCkt1DFtOD_tHE_tUG_t6IkskJFqkJNn" /><g i="27" p="%^HM4A0K4A0KYvNyYvNy4A6w4A6wytfxyt#HyarCzln#yAvjyAYe_KYe_KytHMyt^7Iyt7ImheDmh#2DalbCko#lBtr3Ayt" /><g i="28" p="#^mJhrmJJsKIIt6IHu7HhvcGRv$E6wPDowDCowYAowsz3wYxKvuw$u%uwRr%FwRrIxOsgzmtQAWtoCWt3DWtQDNtBEDt7FktQFUs7GpsqGWrqG3rqG8q4GBpLF1p8FMoyEuoPDqo4DlofClo%eAlo%eATl%NBTlmCTldDRl5EOlCEBlgFmlFFVk3Gsk3Goj3GDiJFaioFJhUEthnEbhMD5h9D$gAC$g8B$gOzphtyOhvxBi%jxBi%jxvfqy6fLzQe5BxerCxewDxeEEMeMF_eMGwfJH1gmIXg$IRh$I9j$IykcIBlqHEm7GZm%7G4nyHznsIAomJApmJhr" /><g i="29" p="%^TN$v1L$v1LBiYGirPEirLABiLA$v3y$v3yYexBYe0GpolKYeTNYe" /><g i="30" p="#^JKJqJKYrdKZsJJZtTIBuSHlvJGGvAF$vND$v%3y$v%3yYe%XAYe%XAAl%RDAlMFAlQGNlUH_lYIMmQJqngKsoJKtpJKJq^LHMqLH_puHppdHPoCGroZF3o9F_nlEVnPCVn%XAVn%XAIt%LCIthEIt6FAtYFrtzG4tbHHstH8sLHBrLHMq^zP$v%IM$v%IMYe%zPYe" /><g i="31" p="%^XT4AgR4AgR$v3y$v3yYeXAYeXAztJGztJGYeBJYeBJztnPztnPYeeSYeeSztXTzt" /><g i="32" p="%^DDErlzEB7xEBPzEr" /><g i="33" p="#^aOg9%WFpspFCtLElu6E4vpDrvICQv0CYvlB3wFA3w2A3wdz1wpy$vay$v%ayat%oyatCyct4zftyzhtgAhtBAht2BftwBctUB0tlCOsKCss7D5srDjr%YD6q%_vg9%jzg9%uFEm%2Lg9" /><g i="34" p="%^ZFrnmxrnmxGkZFGk" /><g i="35" p="%^6N4ArK4ArK$v3y$v3yYeXAYeXAwtyIwtyIYeqLYeqLwt6Nwt" /><g i="36" p="#^IN0pINJq3N0sqMjtlL8u3K9vBIAv7H$vPE$v%iy$v%iyg9%kEg9LGg9YHr9aJB9iKbawLRa4MVbEMZcEMpeEM$fOLghYKxisJfj%sJnjuLWjBMolINRmIN0p^vJQevJ$ddJpdYIOclIscCH1cIGXbOFRbdERb%jBRb%jBvi%LEviaGviRGmiwHdieILhWIjhcJBgvJTfvJQe^zK8pzKSnbK1nQJcmJICl$Hel9H7ljG0lLE0l%jB0l%jBpt%NDptMFptVGet2I2tWIssMJSr9K6rzKlqzK8p" /><g i="37" p="#^MNYoMNCq7NYruMitpL7u7K8vFIAvbH$vTE$v%iy$v%iyg9%8Mg9%8MYb%jBYb%jBbi%ZEbihHbiLIsidKJiwLJjGMDkdNYlMNhnMNYo^CK0pCKTneK0nSJ8m2JBldI1l6HWk0GOk0EOk%jBOk%jBpt%XDptZFpt3Hdt9I0t_IssQJSrdK3rCKfqCK0p" /></glyphs></font></bwFonts>