﻿<?xml version="1.0" encoding="utf-8"?><bwFonts xmlns:xsi="http://www.w3.org/2001/XMLSchema-instance" xmlns:xsd="http://www.w3.org/2001/XMLSchema"><font id="00" name="Microsoft Sans SerifBold Charset204"><glyphs><g i="0" p="%^iQ$vLM$vLMGlZBGlZB$vsy$vsys9ZBs9ZBsiLMsiLMs9iQs9" /><g i="1" p="#^7FmwvBmwhz4u3xOr3xMn3xLjczshmB9fPE9flI9fsKqhAMHjAMMn%AMKo%DAKoOA2r2CisiDyt7FytwGytBHSsHIasLIEq%hMEqXLztXJZuYHmw7Fmw^_IVlFI3kxH0jqGYhPEYhfDYh7C0j$A3kHAVl" /><g i="2" p="#^PE9flI9fsKqhAMHjAMMnAMQrsK5ulImwPEmwiBmwaz5u3xPr3xMn3xGjazqhiB9fPE9f^PEytHGytSH6s1JGq1JMn1JQkSHojHGYhPEYhYCYhMBojBAQkBAMnBAGqMB6sXCytPEyt" /><g i="3" p="#^mAsiAA9h3ClgzDwf9FwfDIwfMKMhWM$jWMXnWMSrNK6uEImw9FmwpxmwpxNlpxwfwzucDBs9VGs9DIs9YIj9iJa9iJt8%KMt8KMqahMcbRLZbDKmcqJLcJGLcHCLcwBIemAEgmAsi^9FytZGytaI9snJLqnJXnnJ8laIKjZGki9FkilDki8CKjXA7lXAXnXALq8C9slDyt9Fyt" /><g i="4" p="%^KL$vKH$vZDOpbA$vcw$v3CrnGwwfFAwfZD3lgHwfgLwfSFqn" /><g i="5" p="%^RLbt8Obt8OfAIKfAIK$vrz$vrzfA$vfA$vbtyxbt#aAtpaAAgaAwfRLwf^oIkiBDki#hDPpbBbtoIbt" /><g i="6" p="%^4y$v4ywfxBwfxBAr8IwfGLwfGL$vdI$vdIWjCB$v" /><g i="7" p="%^4y$v4ywfICwfeHSrNLwfpQwfpQ$vZM$vZMzjJI$vMF$vxBzjxB$v" /><g i="8" p="%^ywkiywwf5Kwf5Kki2Fki2F$vCB$vCBki" /><g i="9" p="#^PF$v%4y$v%4ywf%PEwf$Kwf$K0k$KJmXIonIL3oILfrILpt5KIuvI$vPF$v^xBki%xBam%yEamdGamTGKlyHhlyHfkyHgjRGOi9GkilEki^xBZo%xBbt%VEbt9Ibt9I5r9IZoGEZo" /><g i="10" p="#^xBIl%MEIl_HIlQJ5nGLtoGLRqGLetQJDu$H$vME$v%4y$v%4ywf%xBwf^xBbt%EEbt7Ibt7IRq7IwoEEwo%xBwo" /><g i="11" p="%^4y$v4ywfxBwfxB5m7I5m7IwfzLwfzL$v7I$v7IWoxBWoxB$v" /><g i="12" p="#^7Iqr%7Iio%wGioHAioHAkrHApstB_sgCytIDyt0FyteGYstHms7Iqr^7ImupGmwUCmwoAmwMy0v9xFt9xur9xCl3HCl%7ICl7IgkYHzjOHSi3HpilGYhEEYh9BYh2BFk%DxFkYx9fNE9fXH9fLJrgzLJhzLql%zL$v%7I$v" /><g i="13" p="%^4y$v4ywfzLwfzL$v7I$v7IkixBkixB$v" /><g i="14" p="#^xBphXC9fLF9f0J9fOKthAMMjAMDnAMErAK$tBImwyFmwRCmwxBMu%xB5C%4y5C%4ywf%xBwf^xBPr9DytnFyt1Hyt1I5s1JDq1JDn1JOk4Inj8HYhuFYhjDYhxBtk" /><g i="15" p="#^PEmwiBmwaz5u3xPr3xMn3xGjazqhiB9fPE9fxH9fmJygcLWhxLTk%0ITkYHjj1HEi7GYhPEYhYCYhMBojBAQkBAMnBAGqMB6sXCytPEyt7Gyt1HTsYHbs0IEq%xLEqcLBtmJ_uxHmwPEmw" /><g i="16" p="%^PL$vZH$v$CfoxB_pxB$v4y$v4ywfxBwfxBhmbHwfcLwfbF6m" /><g i="17" p="#^4y$v%4ywf%xBwf%xBAr%8Iwf%GLwf%GL$v%dI$v%dIWj%CB$v^BJf9pJzb6IFcPGLdRELdSCLdzBFchAyb7Af9%xCf9UCibREibMGibbHf9" /><g i="18" p="#^tPjptPysgNhu4L$vZG$v%sy$v%sys9%zGs99Ks9gM1boOBcoOlfoOIidLYjeNjklOSltPontPjp^ZBEi%xGEiSIEiTJYhVKfhVKCfVK8eVJpdVIFcgGFc%ZBFc^ZBNs%XGNsRLNsRLjpRLwnKKHmDJRlzGRl%ZBRl" /><g i="19" p="#^vDwf%8Lwf%8L$v%HH$v%HHOp%uFOprEOpKDmq1DWqlCls%yA$v%Nw$v%2zrr4AspJBcpuxxouxrkux9i5zRgIAwfvDwf^HH_m%HHki%XDki1Bki1Byk1B_mIE_m" /><g i="20" p="#^izwf%1Mwf%1M$v%BI$v%BIki%LCki%LCiqLCQtAB_uqA8wmy8w9x8w8wXv%8w6tixkt1yktLykt0zOsizfsizmq" /><g i="21" p="%^fS$vqO$vTIfpTI$vrF$vrFfpTz$v2w$vLDknCwwfsAwfrFulrFwfTIwfTIulRNwfIRwfzKkn" /></glyphs></font><font id="10" name="ArticulateBold Charset1"><glyphs><g i="0" p="" /><g i="1" p="%^9y$v9yDrxCDrxC$v" /><g i="2" p="%^9y$v9yDrxCDrxC$v^9yhk9yVfxCVfxChk" /></glyphs></font><font id="20" name="Microsoft Sans Serif Charset204"><glyphs><g i="0" p="#^bIe9UMe9TPqcSSBfSSPkSS1qTPctUMnwbInwtDnwsActsx0qsxPksxBfsAqctDe9bIe9^9IRtwLRtFNtrOP4pOPPkOPxgFN9exLNbdINbRENbHC9exAxgxAPkxA3pGCsrQERt9IRt" /><g i="1" p="%^NQ$vTM$vXERksBeosB$vvy$vvyD9sBD9sBJkmMD9mQD9$GPi" /><g i="2" p="%^3Q$v4N$v4NhcsBhcsB$vvy$vvyD93QD9" /><g i="3" p="#^GErf8IrfcKFhhMSjhMVnhMXrcK9u8InwGEnwdBnw9z9u5xXr5xVn5xSj9zFhdBrfGErf^GE6uJG6u$HysiJ_qiJVniJPk$HfjJGGhGEGhCCGhkBfj2APk2AVn2A_qkBysCC6uGE6u" /><g i="4" p="#^HF$v%6y$v%6yOf%GEOfFKOfFK5kFKEmyIAnnLronLsrnLwtRJMukI$vHF$v^$A3i%$ABm%pEBmcGBm_G4mMHylMHkkMH9jYGCi8G3ibE3i^$AQo%$ALt%MELtoILtoIjroIQowEQo" /><g i="5" p="%^zw3izwOfKJOfKJ3iAE3iAE$vJB$vJB3i" /><g i="6" p="#^$AKhWCrfDFrfOIrfxKHhhMXjhMMnhMLrkK3unInwqFnwOCnw$AKu%$AdC%6ydC%6yOf%$AOf^$A8sRC6ueF6u5H6ubIwsiJWqiJMniJNkfIejdHGhmFGhZCGh$Ask" /><g i="7" p="%^6y$v6yOf$AOf$A6sfIOflLOflL$vsI$vsIGjcB$v" /><g i="8" p="#^$A7m%CE7mOH7mzJsnlLNolL2rlLltzJGuOH$vCE$v%6y$v%6yOf%$AOf^$ALt%uELtnILtnI2rnImouEmo%$Amo" /><g i="9" p="" /><g i="10" p="%^6y$v6yOfeLOfeL$vnI$vnI3i$A3i$A$v" /><g i="11" p="#^GEnwdBnw9z9u5xXr5xVn5xSj9zFhdBrfGErfkHrf6JNgUK7icLFk%fIFkbIcj9Hri7GGhGEGhCCGhkBfj2APk2AVn2A_qkBysCC6uGE6u7G6u9HmtbIBsfI9r%cL9rUKHt6J1vkHnwGEnw" /><g i="12" p="#^nIKr%nI9o%pG9o8A9o8Ayr8ANs2BstZB6uxD6uYE6uhGttCHQsnIKr^nIkuaGnwICnwiAnwKy4vbxMtbxIrbx1mZG1m%nI1mnIhkbIvj$HJi9HcikGGhuEGhEAGhxAqk%FxqkZxrfEErfLHrfuJGgeLVheLxl%eL$v%nI$v" /><g i="13" p="#^mzOf%ILOf%IL$v%RI$v%RI3i%fC3i%fCvqfCZt8B3v2A8w4y8wVw8w8w$v%8wGtZwVtLxVtHyVt0zetmzzsmzzq" /><g i="14" p="%^6y$v6yOf$AOf$AwmnIwmnIOfeLOfeL$vnI$vnINo$ANo$A$v" /><g i="15" p="%^3Q$v4N$v4NtlsBtlsB$vvy$vvyD9sBD9sBPi4NPi4ND93QD9" /><g i="16" p="#^$EnwqBnwfz8u5xVr5xVn5xXjbzHhhBrfGErf8IrfcKFhhMSjhMVn%hMBo%4ABogAprDBMs$C6u$E6uvG6uJHltXIAs$I9r%ZL9rDLFtHJ0vMHnw$Enw^eJkmUI$jFHRirGGhGEGhYCGhJBQiuA_j8Akm" /></glyphs></font><font id="30" name="Tahoma Charset204"><glyphs><g i="0" p="%^LQ8BTN8BTNXv8zXv8z8Bgw8Bgwjtvxjt#uz3qHAOk#VBwfVBg9BOg9BOjtLQjt^ALjtALUbLEUb#xEphnDUl#dCnqqAjt" /><g i="1" p="#^BHOr%BH3nzG9n$EknrDunuCMnkB7oAARoRzzpRzSqRzksFA4tuBQt4DQtrEQtxFftDGFsBHOr^BHaueHruEGVu3GmvwFEvLE1w1EfwkDtw2Ctw$Atw2A3w6zGvoyYuIxfuhxdtTwbsTw2rTwhpDx2onyOm_z3mqBplnD9lkFVkBHNk%BHekBHdjhHCi_G_hqGFhTFih4FbhiE3hsD3htC3h7BnhNzGhryei%gyei%gyjf3z4fxAPe0CxetDxedFxeqGPeEH4fBIOfxJvg_JDhrKKirKkk%rK$v%BH$v" /><g i="2" p="%^xL$vFI$vFIjoXAjoXA$v3y$v3yYeXAYeXARlFIRlFIYexLYe" /><g i="3" p="#^JKJqJKYrdKZsJJZtTIBuSHlvJGGvAF$vND$v%3y$v%3yYe%XAYe%XAAl%RDAlMFAlQGNlUH_lYIMmQJqngKsoJKtpJKJq^LHMqLH_puHppdHPoCGroZF3o9F_nlEVnPCVn%XAVn%XAIt%LCIthEIt6FAtYFrtzG4tbHHstH8sLHBrLHMq^zP$v%IM$v%IMYe%zPYe" /><g i="4" p="#^xL$v%HI$v%HIhj%FA$v%3y$v%3yYe%VAYe%VAsr%RIYe%xLYe^fK17fKl8WJq9CJva0JdbkI1csHrcAGRcdFRcZDRc1Dqc5C$bsBdbQAtavAp9bAk8bA17%FC17FC59iD$9XDVadFVarGVa5H0aMH79MH17" /><g i="5" p="" /><g i="6" p="%^wKthJEthJE$vSB$vSBth2wth2wYewKYe" /><g i="7" p="#^tFowoBow8z5uUwOrUwznUwpj3zXgfBteNEtenGteBHWePInfJJngDKlh7LMiDLakDLdm%DLMn%PzMnPzLqiBksOCUtrFUtoGUtiHGtcIstXI7tIJMseKrsNK6s7LQr%hLQr%hLYuOK9v2KsviJLvIIWvSH8waHgwvGowtFow^QIAlOIpkyIAjjIKiRH9ilHwhyGbhMFRgCERgtDRgFCbhSBxhcBbizASieAGjVzukPzAl" /><g i="8" p="#^REnw5DnwDBRv9Aiv6zbu2y5ttxqrUwLpUwvnUwfluxDj5y_h6zTg6ALfCB9f7DyeREyefGyeyHYeSIlfTJSf%TJ4j%IJ4jpJQiWIvirI9iLHOh9HvhlGghyF1hOE1hzC1hdBJiTzpkTzvnTzwqaBcsuCUtOEUtcGUttHjtKIKsIJPr%TJPr%TJ1vsJevPIwvaIOvFHXvWG8wlGfwMFnwREnw" /><g i="9" p="#^QGhC%kDhCGA7z9zCvEx4sExgnExzi8z_eEApbkDf8%QGf8%QGp8BFw9tE_alDrcoCnetBfgUAwikAMkkAgnkATpTA2srBcuoC9wiD1ytEyzFF4BQG7C" /><g i="10" p="#^NL$v%dI$v%nC8o%XA8o%XA$v%3y$v%3yYe%XAYe%XAmm2ClmQCVlDDslaE9klEMjyEgjLEMiTEniyFvgKGKfWHYeQJYe%CKYe%CKqh%YJqhLIqh8IWhyHpi7HJjIG2l7GOlyFxmREWm" /><g i="11" p="#^mJhrmJJsKIIt6IHu7HhvcGRv$E6wPDowDCowYAowsz3wYxKvuw$u%uwRr%FwRrIxOsgzmtQAWtoCWt3DWtQDNtBEDt7FktQFUs7GpsqGWrqG3rqG8q4GBpLF1p8FMoyEuoPDqo4DlofClo%eAlo%eATl%NBTlmCTldDRl5EOlCEBlgFmlFFVk3Gsk3Goj3GDiJFaioFJhUEthnEbhMD5h9D$gAC$g8B$gOzphtyOhvxBi%jxBi%jxvfqy6fLzQe5BxerCxewDxeEEMeMF_eMGwfJH1gmIXg$IRh$I9j$IykcIBlqHEm7GZm%7G4nyHznsIAomJApmJhr" /><g i="12" p="#^rLQqrL4sYK1tuK_tGJDuDIqvuHJvmG$vME$v%3y$v%3yYe%kEYecGYe3H3fXHafOIFfHJ8g6KYgyKLhyKTiyK5kTJ3lcJ1m5Izm%aIGmzJ0nvK5orL9prLQq^CHjjCHKipHjidHThLGEhcGlhwFihREehEDeh%VAeh%VAVl%cEVlfFVlHFPl8GIlGGolaH4loHzkCH2kCHjj^tIRqtI_pdIspZHWo6HwoAGfoZFcomF8ohE8o%VA8o%VAIt%oDItXEItNFAtEGstfH5tUHIsaIbstIFrtIRq" /><g i="13" p="%^TN$v1L$v1LBiYGirPEirLABiLA$v3y$v3yYexBYe0GpolKYeTNYe" /><g i="14" p="#^5Mun5MNr0K7uXHtwuEtwXAtwUy2uSwDrSwunSwcjYyRg3BteuEteXHte0KQg5Mbj5Mun^7Jun7JakWHziJGYguEYgfCYg1BziQzakQzunQzHq1BlsfC$tuE$tIG$tVHns7JLq7Jun" /><g i="15" p="%^xL$vFI$vFIqhXAqhXA$v3y$v3yYexLYe" /><g i="16" p="#^mM0nmMhrkKPtiIkwaFkwVDkwWC1wYBLvXA8v%XAhC%3yhC%3yYe%XAYe%XAKg$BMfiD7fCEte9Gte4JteJKOgmM6jmM0n^pJlnpJqktIPiyHchsFcheEch5DLhYBiiXA8j%XAOs3CmtSCztGDLtIELtXGLtaI7spJuqpJln" /><g i="17" p="%^xL$vHI$vHIhjFA$v3y$v3yYeVAYeVAsrRIYexLYe" /><g i="18" p="#^TO$v%RL$v%RLYb%bEYb8EHd3Ekf_DZgXDgiPDulyDBnhDHpSC5rsCvsUBmtkBcuGANu_zpvczJvqy1wnx1w3x1wKw0wpw$vdw$v%dw3t%rw3tBw4tHw5tOw6t0x6tzx6t1yXswyMsRyqsUzprmAOoRAam2BKh7BfgbBOdgBkbkBg9%TOg9" /><g i="19" p="#^jGgnjG_rOEzvhD7zCAhC%7xhC%7x7Ciy4BuzxzGA$xzB9wwCbu3D$rDDPpDDgnDDLk3DwivCggzBneDAtcszZahys97xp8%7xf8%CAf8gDpbNEZejGwijGgn" /><g i="20" p="#^UK$v%0I$v%0IlpGGNppF1q8EgqVCgqQBgqOA_pMzIp0z3pgyqoSxqnsxqmsx3l%sxYe%kAYe%kAAjkAIkqAnlwA1mWAFmgBbnZBunHCMnRDMnSEMn$FAn9Hnn0I5n%0IYe%UKYe" /><g i="21" p="#^ZKJqZKYrtKZs_JZt7JBu7IlvZGGvQF$v1E$v%3y$v%3yYe%XAYe%XAAl%6EAl1GAl5HNl9I_lcJMm5KqnxKsoZKtpZKJq^0IMq0I_pLHppuHPoTGroeG3opF_nBEVn4DVn%XAVn%XAIt%0DItxEItnFAtdGrtQG4tsHHsKH8s0IBr0IMq" /><g i="22" p="%^tLYeiChCezhChCav4wYebzYeQDzrtIYe" /><g i="23" p="#^gL$v%oI$v%oImh%xCmhvCDisCOjpCYkmCVlgCio2CWpQBxruBws9BwtLA5ulAFuRz6vjzzvJyOv7y0wnx0w8x0wLw$vnw$vdw$v%dwut%nwutuwutBwvtIwwtSwwtexwtAxqtXxjtcy0tZygsjzpqGzxoQzalUzWjXzdi_zvg1AYe%gLYe" /><g i="24" p="#^pK$v%yH$v%yHep%IEep%Fz$v%jw$v%OBZoGzloHy6nIxTlIxOjIxxifyAhPyDgMzZfxAsfHBcfRCYehEYe%pKYe^yHZm%yHeh%rEehrDehSClhiCshMBLhcB5iWAGiEAejEAUjEAKkQAgl1BNlxBem3CHmQCQmCDZmwEZm" /><g i="25" p="%^HM4A0K4A0KYvNyYvNy4A6w4A6wytfxyt#HyarCzln#yAvjyAYe_KYe_KytHMyt^7Iyt7ImheDmh#2DalbCko#lBtr3Ayt" /><g i="26" p="#^NS0nNSipdS2rGRNsMQWtQP3vFOFvuNewcMeweLewvKTvNJvvhJfv%hJhC%rGhC%rGfvyFJv$E_vtEewfDewoAewFyVtXwArXwxnXwoluxJj1y1i$ySgUzMf2BafdCzetDzeoEze6FTeQFbfrGBf%rGf8%hJf8%hJBfYJafPKTeHLzeCMzeuPze7RSgNS9jNS0n^RPlnRPqkSOKiTN1hYL1h9L1hyKfhYJshhJHh%hJ3tYJotnKBtOKNtCLNtANNtIO9sRPwqRPln^rG3t%rGHhUFrhlFehOE1h7E1haC1h1BAiUz7kUzonUzmqVA4sXBNtSDNtDENteFztRFktrG3t" /><g i="27" p="%^jL$vNH$vFDypoz$v8w$v3CxncwYeKzYeQDkl2IYejLYeqFln" /><g i="28" p="%^VIthXAthXA$v3y$v3yYeVIYe" /><g i="29" p="%^ZFrnmxrnmxGkZFGk" /><g i="30" p="#^9Kth8LtiHL1kfMAlfMCnfMApCLfr_KWsWJ3uQIgvuHTv9GtwAEtw_CtwEBVvjAlvmzbubyKsBxzq0xno0x9l0x0k6xRidxFhyx$fSxxenyhdUy0cKz9bPA0azCl9jEG8bHq8dIk8nJf8yK989L68%9LLamKOasJTazIXapH1bSF9bbEAbwC_bFBTc0BxdDALefAZf5AthdBFgwC6gPDyfiFyfHGyfXH0gbJtg9Kth^kJNnkJ3l6IDjUGaiDEaioDaieCAi4B_i2AGj0A3k_zBkYz6lYzylYzbonASpPAwrABtsgCkt1DFtOD_tHE_tUG_t6IkskJFqkJNn" /><g i="31" p="%^xC$vUy$vUyErxCEr" /><g i="32" p="%^OO$vML$vMLYbjBYbjB$viy$viyg9OOg9" /><g i="33" p="#^aOg9%WFpspFCtLElu6E4vpDrvICQv0CYvlB3wFA3w2A3wdz1wpy$vay$v%ayat%oyatCyct4zftyzhtgAhtBAht2BftwBctUB0tlCOsKCss7D5srDjr%YD6q%_vg9%jzg9%uFEm%2Lg9" /><g i="34" p="#^Ew5s%Pw5s9xnsExHs8y$sPyhtyzAtdALtUAWtSBWt3EWtoFrsJGYqWG9o%az9o%azRl%VGRlDGqjiFdi_D0h1C0haB0hqAchGzohZyIhoy_hXxjiuxDi4xZi%UwZi%UwPfIxtfaz0fEAyeZByeIDye7F4fzGBfCHFgFILhcJkjMJUkMJ7nMJprAHUtoFnwGBnwhAnwYy0wExFvEwev" /><g i="35" p="%^DDErlzEB7xEBPzEr" /><g i="36" p="#^MS$v%iP$v%XJ9o%QI9o%QI$v%_F$v%_F9o%TE9o%qz$v%6w$v%xC3nOBGmcBWlDA9laAJjMzqibzWhDyqhlxqh%Hwqh%HwYe%txYelzYezAJfNBtgtCniBCNiOCij0DOj9D9kGDjllEQl0Flm_Fpm%_FYe%QIYe%QIpmOJkmuKPlbLilGL9kRLMj2MgjgMMinMni2NvgeOKfrPYelRYe%7SYe%7Sqh%tRqhfQqhEPWh2PpiEOJjdO2lDNPl2NAmlMZm" /><g i="37" p="%^6N4ArK4ArK$v3y$v3yYeXAYeXAwtyIwtyIYeqLYeqLwt6Nwt" /><g i="38" p="%^Rv$vvDg9dHg9TO$vHL$vEJEpYAEpUy$v^OI3nhFmcOB3n" /><g i="39" p="#^IN0pINJq3N0sqMjtlL8u3K9vBIAv7H$vPE$v%iy$v%iyg9%kEg9LGg9YHr9aJB9iKbawLRa4MVbEMZcEMpeEM$fOLghYKxisJfj%sJnjuLWjBMolINRmIN0p^vJQevJ$ddJpdYIOclIscCH1cIGXbOFRbdERb%jBRb%jBvi%LEviaGviRGmiwHdieILhWIjhcJBgvJTfvJQe^zK8pzKSnbK1nQJcmJICl$Hel9H7ljG0lLE0l%jB0l%jBpt%NDptMFptVGet2I2tWIssMJSr9K6rzKlqzK8p" /><g i="40" p="#^aHpwYEpw4DFvcBVuSzqtvyYrLxLp$wxn$wFk$wOhJxHfsyzdRz_bcBta3DG9WES8dHS8nIS8mJ19mKc9dLs9YLH9JM1avNnaeONa%eOqe%$NqeBN3eZMydlM1dsLwcAK2cyJLbxIrbbHrbLFrbsE1c9DDcaCNdcBYeGAIg8Asi8AFk8A_mIAGogBmqfCwrbDFstEetMFOtbHOtvIOtCJutKK9tCLGsrMbs2NIrFNcr0ORq%eORq%eOsuvNOuQM7vaMrvdLLveK3wnJewxIpwaHpw" /><g i="41" p="%^CD$vCDYb_vYb_vg9fOg9fOYbDGYbDG$v" /><g i="42" p="%^OO$vML$vMLTkjBTkjB$viy$viyg9jBg9jBbiMLbiMLg9OOg9" /><g i="43" p="#^mOTbFPndnQBf5ROh5REk5RpnoQEpHPSrmOntZMYu6LJvgJtw2HtwKEtwUCHv2BVuJzntpySrIxFp$wrn$wEk$wMhIxCfqyrdKzTb2BnaUCB9LEO82HO8mJO8dLC94NqamOTb^YNEkYNnisNEgZMVe5MMdbLAcVJ$bEIpb3HpbpFpbaE_bYCyc$BMd6BWeDAGg8Aqi8AEk8A6p0CurUDSt3HStdKSt4MurYN6pYNEk" /><g i="44" p="#^CNYoCNCqZMYrkMitfL7uZJ8vvIAv2H$vJE$v%iy$v%iyg9%jBg9%jBbi%PEbi7HbiBIsi3KJimLJjwMDk3NYlCNhnCNYo^sK0psKTn4K0nIJ8mVIBl3I1lYGWkSFOkSDOk%jBOk%jBpt%ODptPFptVGdt$H0tQIssGJSr3K3rsKfqsK0p" /><g i="45" p="%^DO$vDL$vDLYdlB$viy$viyg9iBg9iB0rrLg9DOg9" /><g i="46" p="%^iy$viyg9vMg9vMYbjBYbjBbiKLbiKLTkjBTkjBjtvMjtvM$v" /><g i="47" p="#^EM7gEMCh6MXiBLfkFKaluJkmUHXmjGxnTDxn%jBxn%jB$v%iy$v%iyg9%$Dg90Gg9rHC9SIX9XJHacLzbWLVcEMeeEM7g^vJcgvJ1f5J9eHIhdSHKc8HgcbG3ceFSbPDSb%jBSb%jBXk%nDXkcFXkkGEktHlkdIBjUIVibJ5ivJhhvJcg" /><g i="48" p="#^2K1lPKHliLGmOLFnOLdpOLLqbL3sAKmtwJkupIlvNGTvaFpwbDpw4Bpwiz_vxxzvtw6v%twJr%GwJrVxxsEz9toBMt9DMtgEMtmFtttGatdHvsZHQrjI2rGIfqGI3pGIVnfI6nQHjm3HQlkGllhF8leEWk2DWk%FAWk%FAoi%KCoi8FoiCGrh4Itg4IDe4INdJHbdmHAcIGcc_FObcFFbqEvbtDvbwCvbzBJbCAXbNzgc_yAcoyXcOxhdpxwd%dxwd%dxaafyH91Ah9QBS8zDS8jFS8AG99RHs9VI7a2KTaCKUbbLVcbLjebL9gYJxhKIViLGkj%LGzjwHHjpI2kiJok2K1l" /><g i="49" p="%^MR$vLO$vLOqcQIKp$GKp7Bqc7B$viy$viyg9qCg95IWlANg9MRg9" /><g i="50" p="#^OM$v%MJ$v%MJYm%lGYm%yz$v%Wv$v%cDvmWAJlFz5kpytipyKfpy$d7zKcSztb2BEa7CT9ADA91Fg9NGg9%OMg9^MJrk%MJSb%DGSbjFSbwE1cKDcc4DEcnC6dZBZdABQeABRfAB3hSBTh8CHiMCjjsD_jrEdkrFrkLGrk" /><g i="51" p="#^DO$v%DL$v%DLYd%lB$v%iy$v%iyg9%iBg9%iB0r%rLg9%DOg9^oMt2kML4XK96zJz7LGz7XDz7yC96aBL46Bt2%PDt2RDa4AEX4jFH5LGH5cIH5WIX4FJb4GJt2" /><g i="52" p="%^MLYbjBYbjB$viy$viyg9MLg9" /><g i="53" p="#^zN$v%xK$v%xKnmGI_mdHinMFBnbEBnJCBnvBenhATmlz5mryilWx2kpxOipx4h%pxg9%rAg9%rAAfrA0hxARhEAGi9BrjBB6ksCtkkDQkNEQk4GQkIHxklJekxKNj%xKg9%zNg9" /><g i="54" p="#^5P$v%fL$v%dDAl%jBAl%jB$v%iy$v%iyg9%jBg9%jBwj6Dsj8ECibFMhRFcg7GwflGVezGheIGRdDHeb1JfasKg9ZMg9%VNg9%VNZb%8NZbhLZbxKIcNJqd9JrfxIshLHoi_GkjTF2k" /><g i="55" p="%^OQ8BWN8BWN$viy$viyg9jBg9jBltDLltDLg9EOg9EOltOQlt" /><g i="56" p="%^aX$viy$viyg9jBg9jBntdJntdJg9fMg9fMnt8Unt8Ug9aXg9" /><g i="57" p="#^nIzenI2dlH1ckG$avE$aRC$aNBWbJAQcJAoeJAwfgBigPB3hUCHhmDYhkEqiiFTi5G7jqH6iUH1hnIYfnIze^OIYpOIyofIJnIHUm7G2mCFLlKEqlTD4lOCDkxBtlSAImbAWnbAupbAyrqBUsGCeuyEeutGeuDH5tOIXrOIYp^wEwwPCwwqB$v2Avv4zzu6yEtCxos7x7r7xJp7xTn6ykm5zNkZASj%ZAMjhzOityEhGxtgGxJeGxacCztayBL8wEL8DHL8uJnamL$bmLxemL3gtKzhAJ2jUHUj%UH_jTJWkUKfmWLznWLFpWLAsPJyuIHwwwEww" /><g i="58" p="#^WSunWSMrSQ7uOOtwoLtw2Itw4Ggu7E3sXDeo%XAeo%XA$v%3y$v%3yYe%XAYe%XAUl%$DUlmEpikGrgiIteoLteZOteXQWgWSmjWSun^ZPunZPdkMOBiANYgoLYgaJYgZHCiNGfkNGunNGHq_HlsbJ$toL$tAN$tMOosZPNqZPun" /><g i="59" p="%^eS$v3y$v3yYeXAYeXAztJGztJGYeBJYeBJztnPztnPYeeSYe" /><g i="60" p="#^HICiHIigfIReQHnd4HAcqGRbKFAb2FibdEiblCibdBEc6A_d6Axg6AZhtAViRAQjGBvkfCZk_C8lJDilyEilxFilFGYkNHCkDI2kEIPjFIrjHI3jHICi^0xFg0xVeAxsd9y$b9zYa5AX9sBn9PCP8eEP8OFP84Hl9mIS9hJSasK6c5L8eLLagLLgjLL5m6LDouK8rfJOsXHAu5GwvgErwzBrwYArwfAmwzziw_y6w%_yct%8zctwzptkACt8BPtZBPtZEPtGGRrnITpCIdmnH1ngGqnaFOnTDOnCCOnABxnyAfnuzsmgyxlEx6k0xGi0xFg" /><g i="61" p="%^XT4AgR4AgR$v3y$v3yYeXAYeXAztJGztJGYeBJYeBJztnPztnPYeeSYeeSztXTzt" /><g i="62" p="%^wK$vrz$vrzGtzDGtzDrerzrerznc#NBncTCJb#_D2b7Ec9uGc9uGGtwKGt" /><g i="63" p="#^GL$v%Fx$v%FxOsaznrwA3qSBLo8DknKFtkGGLiDH1hDHcfDHgekHyd1HQcvGmcZFUbgFGbzErbKDrbWCrb4CEbfBRbvA9cSzqcfzNcFy8diypd%7ypd%7yaa4zI9MAf9sCO8YDO87HO8WIuaKKacKK3fKKngqKvh6KDizJCj$IBkcIzlpHxmwGvn5F2pkDKqzBpswAot%GLot" /><g i="64" p="%^lDhjIzhjIzYelDYe^mEEr4AEBSxEByAEr" /><g i="65" p="%^lDhjIzhjIzYelDYe^lD$vIz$vIzErlDEr" /><g i="66" p="%^hMboAJboAJ$vEG$vEGboCwboCwZkMGg9AJg9AJKlhMKl^EGKlEGSc_yKl" /><g i="67" p="#^MNYoMNCq7NYruMitpL7u7K8vFIAvbH$vTE$v%iy$v%iyg9%8Mg9%8MYb%jBYb%jBbi%ZEbihHbiLIsidKJiwLJjGMDkdNYlMNhnMNYo^CK0pCKTneK0nSJ8m2JBldI1l6HWk0GOk0EOk%jBOk%jBpt%XDptZFpt3Hdt9I0t_IssQJSrdK3rCKfqCK0p" /><g i="68" p="%^jZ8BsW8BsW$viy$viyg9jBg9jBntdJntdJg9fMg9fMnt8Unt8Ug9aXg9aXntjZnt" /><g i="69" p="%^0O$vyK$v0FUmnz$v6w$vkDDkkwg9Nzg9cFciJKg9$Ng9UGtk" /><g i="70" p="#^7Y$v%pU$v%RMyl%nLyl%nL$v%nI$v%nIyl%UGyl%jz$v%Nv$v%mEhkmDDjCCFiTBGhbBrfzAtdTzJcbzZbexZb%DwZb%Dwg9%oxg9Xzg9kBfaKCdbGDRdUDwe7E9fmEOfwEcgbFQh7GDi3HpjnIxj%nIg9%nLg9%nLzjNMqjKNGiHOVhoPcgFPwfTPVe6QheeQRd9RebASfa$Tg9wWg9%iXg9%iXZb%HWZbKUZb0UKcjTudISrf3StheRuipQujsP5k" /><g i="71" p="#^JNykJNZpSKbt$HpwnDpwqBpwHz0wYxDvFw$u%FwGr%TwGrZxGsFzgtmBRthDRtzGRtDIsrHK2pHK7l%Cz7l%Czui%xKuibKbffIjdkGqbhDqbpBqbMz$b8yAcXwDd%IwDd%IwgaXxI9Izh9uBS8pDS8kIS80LVbJNYeJNyk" /></glyphs></font><font id="40" name="TahomaBold Charset204"><glyphs><g i="0" p="#^wQ1pwQKqTP0sePit9O7uTM8vkLAvOJ$vrH$v%ly$v%lyg9%nGg9TIg99Kt9sLF9AMgaONWaoO0c$O6d$Oye$OdgaOwhlNPiTLqj%TLyj_N_jfPmlwQJmwQ1p^cJIfcJ8fWIzeEI_d2IKduHudIGtdXFrdqErd%0Erd%0Efi%KEficGfiNGdinHbi$HUhHIAhXI0hcJrgcJIf^DKWoDKTncKhnNJHmXInmpIbmvHamBG8m4F8m%0E8m%0EQr%kEQryGQrpHOrgIMr8JorWJ2rgKpqDKLpDKWo" /><g i="1" p="#^VR$v%cM$v%cMCd%sGCdpGXelG5giGeheGhi3GflGFpniFzpPEXqhEpsJDftaD4uHCAuYBjvSAKvMz8wHy8wZx8w6x4wgw0w1w$v%1wZq%fwZqpw_qyw$qHw0rWw0rix0rUxVqvyNqOyuqVzspiAhnIA5lWA$g0B6f1BDd3B7c9Bg9%VRg9" /><g i="2" p="%^Vv$vADg9OJg9uR$vCL$vbKmr2DmrDB$v^XIenCGKfiEen" /><g i="3" p="#^8Irw1Drw0Alt0xfq0xFk0xff1A2c2DQ89IQ8wJQ8BK_8GL89GMp9sNE9mO2ahPraRPJa%RP8g%gP8gSOMfdOgfBNLePMge0MMd3Lrd6K5d3J5dQH5dOGudMFSdREQe_DIfrDbhVCFiVCGkVCOmtDeo1EGpYEzqQFqrWGOr0Ias5JaseKasfLPrhMrrZMZqKNvqjO0qUOwpkP8p%RP8p%RPuudPMuoO8vANwvIMNvDL5wHKgwMJrw8Irw" /><g i="4" p="%^IC$vICCd$vCd$vg97Pg97PCdpICdpI$v" /><g i="5" p="%^wR$vPL$vPLWl2EWl2E$vly$vlyg92Eg92EBhPLBhPLg9wRg9" /><g i="6" p="#^1TEk1T8q4Qjt8Ntw0ItwTCtwXzht0x4q0xEk0x9fXz_bTCO80IO88NO84QZb1T7f1TEk^8NDk8NBiJMahiMKfCLQeTKUdXJvd0J5d1I5d_G5d7GtdgFQdtEOeNDHflD9hVCCiVCEkVCKmjD6oKDupsEqqaFnr6GNr2Has1Ias1Jas_JLrXKjrDLoqlMppKM5o8NMm8NDk" /><g i="7" p="#^tQKotQoqQPOrbPbt6O3uOM7vgLzvLJ$vAH$v%ly$v%lyg9%1Eg9%1EOh%GHOhGJOhhL4iVMmieOpjpPjkXPIltQ4ntQKo^AKUoAKkosKQnkKknWJUmwJumOIfm4I$lPG$l%1E$l%1ENr%PGNryINrzJ2rAKiqAKUo" /><g i="8" p="" /><g i="9" p="%^NH5oGx5oGxRjNHRj" /><g i="10" p="%^ZR$vlM$vlM0hDD$vly$vlyg9YDg9YDPm1Mg9ZRg9" /><g i="11" p="%^lTcB6OcB6OWvpBWvpBcBawcBawErIxEr#izjoeAyj#aBNeaBg9bRg9bRErlTEr^uLEruLCdvGCd#dGJhmFkl#vEXocDEr" /><g i="12" p="%^ly$vlyg9INg9INCd0ECd0EBhXMBhXMWl0EWl0EFrINFrIN$v" /><g i="13" p="#^QPrgQP1ikPtjQOVkTNSliNsmBMZmVLtn3LPneKaofJnogIzo2Hzo%2Ezo%2E$v%ly$v%lyg9%9Hg97Jg9yKD9_L_98NMaqODb7P2dQPteQPrg^ZJAgZJDfvJXe2JeepIZdCHDdSGAd7GwdSEwd%2Ewd%2Ejk%sEjkfFjkZFikHGhkdHckHH7kbIVjIIGj_IpjzJRiMJeiZJDhZJAg" /><g i="14" p="#^1NelONUlfOSmJOQnJOdpJODs5MxuuJrwAErwmCrwkA1wjyEvEwYu%EwTp%9xTpiyGq9Aqr1CasPDas7GasuHmrRIxqRIQoRIlnRHEmSGWlhEWl%0BWl%0BSh%7EShgGShfHdhfIzgfIgffI7e9HCd3G5dfE5ddD5diCjdnBwdvAQdGz8eZywehyTeWx3f%nx3f%nxkanyV9DAn9TCQ8lFQ8KJQ8WLia6OLb6Ole6OhgVMHhIL4jPJzj%PJNjwKVjrLiknMGk1Nel" /><g i="15" p="%^yV$vTP$vTPXgKLFqRHFqJDXgJD$vly$vlyg9WEg9YJukZOg9yVg9" /><g i="16" p="%^wR$vPL$vPLCd2ECd2E$vly$vlyg9wRg9" /><g i="17" p="#^1Q$v%lK$v%lKFn%cIFn%uC$v%Iv$v%uCAmoAGlfz2k6ypi6yQf6y5eTyOcFzvbRAGaTBY9mDC9SEg9NGg9%1Qg9^lKAj%lKsd%wIsdbHsdtGydMFDd5F7ezEvehE7f0EKf0Eug0EghiEUhBEvi6FViIFmjuGtjgHAjyIAj" /><g i="18" p="#^ZR$v%lM$v%lM0h%DD$v%ly$v%lyg9%YDg9%YDPm%1Mg9%ZRg9^eQN1dQx4fOb6iMQ7bIQ78EQ78C968Au47AN1%7FN19Fr3QFc4vGY4bIY4SJY4xKb4cLq3eLN1" /><g i="19" p="%^FNCd2ECd2E$vly$vlyg9FNg9" /><g i="20" p="#^6Q$v%oK$v%oKAnNIYnBH8opGkotEko0DkoLBYnuAznvzLmyyVl_xGkrxrjrxGh%rxg9%aDg9%aDFeaD5ggDWgnDKhTDvilEbjaFyj$FUjvHUj1IUjXIPjRJKjoKDj%oKg9%6Qg9" /><g i="21" p="#^nS$v%AL$v%uFQm%2EQm%2E$v%ly$v%lyg9%2Eg9%2ExioFti2GXhJGphEHBfUH3feIkeAIBdRI2dQJ_afL6aHMd90Pd9NPd9hQf9OQg93Rg9%3R8e%LP8eNO8e2OLekNlfAM8h_LAisLkjXK3ktKjk" /><g i="22" p="%^DTcBoOcBoO$vly$vlyg92Eg92EGrMLGrMLg9uRg9uRGrDTGr" /><g i="23" p="#^6Rg9%xJrrSI1t0IYtbHSuhGlvmFPvrEZvxD7wwC7wtB7w3A4wGy1wcy$v%cyar%zyarHycrZyfrgzirJzlr4AnrvAprXArrhBrrjCrrdDbr7EWqrEjq%0wg9%bCg9%3HWj%aLg9" /><g i="24" p="%^H$$vly$vlyg91Eg91EIraKIraKg9SPg9SPIr$VIr$Vg9H$g9" /></glyphs></font><font id="50" name="Tahoma"><glyphs><g i="0" p="%^ZFrnmxrnmxGkZFGk" /><g i="1" p="%^wK$vrz$vrzGtzDGtzDrerzrerznc#NBncTCJb#_D2b7Ec9uGc9uGGtwKGt" /><g i="2" p="#^GL$v%Fx$v%FxOsaznrwA3qSBLo8DknKFtkGGLiDH1hDHcfDHgekHyd1HQcvGmcZFUbgFGbzErbKDrbWCrb4CEbfBRbvA9cSzqcfzNcFy8diypd%7ypd%7yaa4zI9MAf9sCO8YDO87HO8WIuaKKacKK3fKKngqKvh6KDizJCj$IBkcIzlpHxmwGvn5F2pkDKqzBpswAot%GLot" /><g i="3" p="" /><g i="4" p="%^VL4ttEHmtEolVL0fVLTh3H2mVLcq^lFwtzxJmzxmllFzelFzhiA2mlFxq" /><g i="5" p="%^kMJmyEwtyExqCJ2myEzhyEzekMml^rFHm_x4t_xcqPC2m_xTh_x0frFol" /><g i="6" p="%^xC$vUy$vUyErxCEr" /><g i="7" p="#^jGgnjG_rOEzvhD7zCAhC%7xhC%7x7Ciy4BuzxzGA$xzB9wwCbu3D$rDDPpDDgnDDLk3DwivCggzBneDAtcszZahys97xp8%7xf8%CAf8gDpbNEZejGwijGgn" /></glyphs></font><font id="60" name="Articulate"><glyphs><g i="0" p="%^rz9ADw9AByvs5Cvs" /><g i="1" p="" /><g i="2" p="%^bxNobxpmdFpmdFNo" /><g i="3" p="%^By$vByvs5Cvs5C$v^ByzjBy3g5C3g5Czj" /></glyphs></font></bwFonts>